Timestamp,F_plus_000TA_KaS-o-_Avg1,F_plus_000S_KaS-o-_Avg1,E_plus_040TU_HS--u-_Avg1,E_plus_040TI_HSS-u-_Avg,E_plus_080DU_HSN-u-_Avg1
2025-06-20 08:00:00+00:00,19.430203437805176,657.6609413288534,23.992136001586914,24.56465482711792,0.00952902937033136
2025-06-20 08:10:00.000000500+00:00,19.60387945175171,681.0152531974018,23.988691329956055,24.54881191253662,0.009537242143578487
2025-06-20 08:20:00.000000500+00:00,19.869686365127563,702.6150555051863,23.98505973815918,24.535192251205444,0.009532199793035021
2025-06-20 08:30:00+00:00,20.131654739379883,725.2013467289507,23.981351852416992,24.524719715118408,0.00957214987599039
2025-06-20 08:40:00.000000500+00:00,20.698751211166382,745.5175003297627,23.977373123168945,24.534941911697388,0.00958079272396949
2025-06-20 08:50:00.000000500+00:00,21.131701469421387,767.0065655261278,23.973312377929688,24.537230730056763,0.00958312780921296
2025-06-20 09:00:00+00:00,21.282060146331787,785.8651009686291,23.969236373901367,24.52701449394226,0.009591219279330553
2025-06-20 09:09:59.999999400+00:00,21.552492380142212,803.6716606914997,23.96492576599121,24.475712776184082,0.009679494874957565
2025-06-20 09:19:59.999999400+00:00,21.962822675704956,820.1134646907449,23.960594177246094,24.45576310157776,0.009804423313928144
2025-06-20 09:30:00+00:00,21.821458339691162,836.1472107544541,23.956201553344727,24.451018571853638,0.009816264153503968
2025-06-20 09:40:00.000000500+00:00,21.922154426574707,851.6378994472325,23.951749801635742,24.43016290664673,0.009829229803917271
2025-06-20 09:50:00.000000500+00:00,22.267098426818848,866.3416192643344,23.947174072265625,24.437565803527832,0.009844715251157644
2025-06-20 10:00:00+00:00,22.23604440689087,878.3250601999462,23.942543029785156,24.4191837310791,0.009866797934510934
2025-06-20 10:10:00.000000500+00:00,22.49772071838379,888.3097580038011,23.937820434570312,24.39693331718445,0.009878299676701941
2025-06-20 10:20:00.000000500+00:00,22.88652777671814,898.782869271934,23.93297004699707,24.420173168182373,0.009892481115299858
2025-06-20 10:30:00+00:00,23.22062373161316,910.7564335092902,23.928117752075195,24.398155212402344,0.009913469313598062
2025-06-20 10:39:59.999999400+00:00,23.288722038269043,917.0333973169327,23.923198699951172,24.38070297241211,0.009939778308259786
2025-06-20 10:49:59.999999400+00:00,22.943193912506104,924.1640513911843,23.918195724487305,24.379886388778687,0.00995283217913093
2025-06-20 11:00:00+00:00,23.089165687561035,928.42788644135,23.913192749023438,24.360121488571167,0.010122207187517458
2025-06-20 11:10:00.000000500+00:00,23.10988426208496,931.0557323098183,23.90814781188965,24.36541438102722,0.010136962059091339
2025-06-20 11:20:00.000000500+00:00,23.309422731399536,929.9186237454414,23.903066635131836,24.372143745422363,0.0101343843675888
2025-06-20 11:30:00+00:00,23.854012489318848,935.133520424366,23.898006439208984,24.378771781921387,0.010139426718132265
2025-06-20 11:40:00.000000500+00:00,23.63600254058838,935.1177391782403,23.892860412597656,24.379111528396606,0.010204152965294384
2025-06-20 11:50:00.000000500+00:00,23.985285758972168,932.109533071518,23.887746810913086,24.378366470336914,0.010210976266330513
2025-06-20 12:00:00+00:00,23.890806436538696,931.1230441555381,23.8825740814209,24.37251925468445,0.010220024377037815
2025-06-20 12:09:59.999999400+00:00,23.932827711105347,927.6291621476412,23.877471923828125,24.36757206916809,0.010228642413013144
2025-06-20 12:19:59.999999400+00:00,24.29213047027588,923.2310254722834,23.872299194335938,24.380184412002563,0.010234131379624426
2025-06-20 12:30:00+00:00,24.567599296569824,916.4420836865902,23.8673038482666,24.375070333480835,0.010243011320083973
2025-06-20 12:40:00.000000500+00:00,24.840141534805298,908.6567762866616,23.862241744995117,24.375451803207397,0.01035402298183016
2025-06-20 12:50:00.000000500+00:00,24.993700981140137,900.4469318948686,23.85715675354004,24.380744695663452,0.010372463814408203
2025-06-20 13:00:00+00:00,25.09718656539917,893.6451074592769,23.85220718383789,24.38249111175537,0.01038568861241641
2025-06-20 13:10:00.000000500+00:00,25.40720820426941,882.1639288365841,23.84726333618164,24.38869595527649,0.010408587335004726
2025-06-20 13:20:00.000000500+00:00,25.79943060874939,870.6267643645406,23.842329025268555,24.39414381980896,0.010414889583961733
2025-06-20 13:30:00+00:00,25.750614404678345,858.1313454508781,23.837581634521484,24.39395308494568,0.010420058751413348
2025-06-20 13:39:59.999999400+00:00,25.612456798553467,845.5994793735445,23.832679748535156,24.393362998962402,0.010452647939917622
2025-06-20 13:49:59.999999400+00:00,25.99190592765808,830.8950080685318,23.828094482421875,24.41051721572876,0.010445256719684142
2025-06-20 14:00:00+00:00,26.16316795349121,813.1228020787239,23.823467254638672,24.424887895584106,0.010466327624661573
2025-06-20 14:10:00.000000500+00:00,26.091797351837158,800.2121860943735,23.818912506103516,24.429733753204346,0.010476040145691989
2025-06-20 14:20:00.000000500+00:00,25.97516894340515,779.5293600708246,23.814435958862305,24.44050431251526,0.010490982485738782
2025-06-20 14:30:00+00:00,26.096065044403076,756.1542749293149,23.80994987487793,24.456859827041626,0.010496479723017992
2025-06-20 14:40:00.000000500+00:00,26.57944679260254,736.2990518063307,23.80565071105957,24.47746515274048,0.010500956911253415
2025-06-20 14:50:00.000000500+00:00,26.558626890182495,714.6930228844285,23.80156707763672,24.483985900878906,0.010513925318556019
2025-06-20 15:00:00+00:00,26.579846143722534,692.7921959906816,23.797500610351562,24.497140645980835,0.010522049871345304
2025-06-20 15:09:59.999999400+00:00,26.747537851333618,671.9329850189388,23.793453216552734,24.513651132583618,0.010520332329306718
2025-06-20 15:19:59.999999400+00:00,26.694668531417847,648.7632171101868,23.789508819580078,24.52285408973694,0.010538935818353908
2025-06-20 15:30:00+00:00,26.85703754425049,624.7328345105052,23.785797119140625,24.536336660385132,0.010548835807857235
2025-06-20 15:40:00.000000500+00:00,26.802672147750854,599.3562149964273,23.782119750976562,24.549014568328857,0.010553955351301315
2025-06-20 15:50:00.000000500+00:00,27.010364532470703,575.7430692203343,23.77874755859375,24.566603899002075,0.010562523763269108
2025-06-20 16:00:00+00:00,27.072478532791138,548.9750698395073,23.775272369384766,24.5792818069458,0.010581278881228211
2025-06-20 16:10:00.000000500+00:00,26.999874114990234,520.704899802804,23.772071838378906,24.606878757476807,0.010588372357416474
2025-06-20 16:20:00.000000500+00:00,27.184791564941406,494.45499765872955,23.76897621154785,24.60173487663269,0.010593847539581227
2025-06-20 16:30:00+00:00,27.050812244415283,467.56149979680777,23.76594352722168,24.618752002716064,0.010603835749542396
2025-06-20 16:39:59.999999400+00:00,27.00850486755371,438.3946436494589,23.76308822631836,24.64351177215576,0.010612828722463549
2025-06-20 16:49:59.999999400+00:00,26.924772262573242,410.20042756944895,23.760509490966797,24.655134677886963,0.010824124989660327
2025-06-20 17:00:00+00:00,27.21132755279541,379.6061469744891,23.75797462463379,24.673272371292114,0.011081792135009708
2025-06-20 17:10:00.000000500+00:00,27.30654001235962,353.15487290918827,23.755569458007812,24.691332578659058,0.011091898891211104
2025-06-20 17:20:00.000000500+00:00,27.07598328590393,326.93572809174657,23.753400802612305,24.706120491027832,0.011111514158634154
2025-06-20 17:30:00+00:00,26.916868686676025,281.34325177408755,23.751327514648438,24.725700616836548,0.011127269781026673
2025-06-20 17:40:00.000000500+00:00,26.65494203567505,211.09636266343296,23.74946403503418,24.73613142967224,0.01114258705801929
2025-06-20 17:50:00.000000500+00:00,26.383156776428223,214.74990901350975,23.747760772705078,24.76314425468445,0.01115032840319483
2025-06-20 18:00:00+00:00,26.366240978240967,195.7131367418915,23.746076583862305,24.77994680404663,0.011160330397602534
2025-06-20 18:09:59.999999400+00:00,26.1353862285614,178.10180284269154,23.74458885192871,24.810136556625366,0.011309701417173645
2025-06-20 18:19:59.999999400+00:00,25.91922402381897,147.72396418545395,23.74329376220703,24.83027696609497,0.011313439759074655
2025-06-20 18:30:00+00:00,25.656784772872925,133.68339219130576,23.742034912109375,24.845362901687622,0.011356513397615457
2025-06-20 18:40:00.000000500+00:00,25.23735284805298,86.25438006548211,23.741167068481445,24.85752820968628,0.011446710545089809
2025-06-20 18:50:00.000000500+00:00,24.85377311706543,88.67229241831228,23.74022102355957,24.87108826637268,0.011455667678449962
2025-06-20 19:00:00+00:00,24.578393697738647,64.21784921642393,23.739473342895508,24.874807596206665,0.01147116415324757
2025-06-20 19:10:00.000000500+00:00,24.239916801452637,58.55689749447629,23.738954544067383,24.884004592895508,0.011472322046756734
2025-06-20 19:20:00.000000500+00:00,23.97050380706787,45.210582909872755,23.738449096679688,24.88985776901245,0.011475520038353466
2025-06-20 19:30:00+00:00,23.652900457382202,37.895757264923304,23.738128662109375,24.891550540924072,0.011467001250393207
2025-06-20 19:39:59.999999400+00:00,23.42220664024353,32.97897315630689,23.73785972595215,24.916584491729736,0.011466932328160515
2025-06-20 19:49:59.999999400+00:00,23.185206651687622,30.44428830477409,23.737688064575195,24.927974939346313,0.01146604185291419
2025-06-20 20:00:00+00:00,22.95500159263611,28.725994422566146,23.73769187927246,24.942506551742554,0.011464848119844027
2025-06-20 20:10:00.000000500+00:00,22.744126319885254,28.13810274610296,23.737751007080078,24.956060647964478,0.011453445625668097
2025-06-20 20:20:00.000000500+00:00,22.455300092697144,28.025367817492224,23.737974166870117,24.968637228012085,0.011452061667235721
2025-06-20 20:30:00+00:00,22.279984951019287,27.82200814364478,23.73838996887207,24.96600866317749,0.011446035107209467
2025-06-20 20:40:00.000000500+00:00,22.117204666137695,27.85185294924304,23.738698959350586,24.978859424591064,0.011438053912664174
2025-06-20 20:50:00.000000500+00:00,21.889562606811523,27.725816013640724,23.739212036132812,24.993897676467896,0.01143609100747722
2025-06-20 21:00:00+00:00,21.793336868286133,27.52169646474067,23.73995590209961,24.989999532699585,0.0114319088063977
2025-06-20 21:09:59.999999400+00:00,21.667672395706177,27.4489145250991,23.740732192993164,24.99509572982788,0.011427321342589971
2025-06-20 21:19:59.999999400+00:00,21.457422971725464,27.140928611392155,23.741586685180664,24.99504804611206,0.011423497537120433
2025-06-20 21:30:00+00:00,21.14416480064392,26.950251973466948,23.742460250854492,25.011457204818726,0.01141776872113939
2025-06-20 21:40:00.000000500+00:00,20.81608295440674,26.84368494898081,23.74332046508789,25.01633882522583,0.011413239152007124
2025-06-20 21:50:00.000000500+00:00,20.62733292579651,26.8990853758296,23.744483947753906,25.024540424346924,0.011333917932850966
2025-06-20 22:00:00+00:00,20.44582486152649,26.868735664291307,23.745620727539062,25.04048466682434,0.011279472125916613
2025-06-20 22:10:00.000000500+00:00,20.21551251411438,26.94004817667883,23.746910095214844,25.061429738998413,0.011277727014984949
2025-06-20 22:20:00.000000500+00:00,20.02416968345642,26.768222478800453,23.74825096130371,25.063152313232422,0.011273872883733025
2025-06-20 22:30:00+00:00,19.820899963378906,26.77223153261002,23.74962615966797,25.04359006881714,0.011268951836319093
2025-06-20 22:39:59.999999400+00:00,19.658221006393433,26.796713599702343,23.75111961364746,25.036741495132446,0.01126084106797635
2025-06-20 22:49:59.999999400+00:00,19.484622478485107,26.79783747671172,23.752628326416016,25.049854516983032,0.011253979170489915
2025-06-20 23:00:00+00:00,19.362725019454956,26.982455243356526,23.754270553588867,25.060482025146484,0.011050052068412152
2025-06-20 23:10:00.000000500+00:00,19.063676595687866,26.959442603518255,23.755897521972656,25.04865050315857,0.010958225599357049
2025-06-20 23:20:00.000000500+00:00,18.794281482696533,26.853405646397732,23.75766944885254,25.03796935081482,0.01095281658253568
2025-06-20 23:30:00+00:00,18.622453212738037,26.694464275846258,23.759384155273438,25.031567811965942,0.010947382753710547
2025-06-20 23:40:00.000000500+00:00,18.40485453605652,26.605335796717554,23.76108169555664,25.02258539199829,0.01085476781431349
2025-06-20 23:50:00.000000500+00:00,18.181796073913574,26.624337705317885,23.762821197509766,24.99897599220276,0.010685651953521867
2025-06-21 00:00:00+00:00,18.03987145423889,26.57161445415113,23.764575958251953,24.991036653518677,0.01068095972792046
2025-06-21 00:09:59.999999400+00:00,17.84885048866272,26.45563370164018,23.766382217407227,24.987013339996338,0.010673163244958771
2025-06-21 00:19:59.999999400+00:00,17.663170099258423,26.241642486769706,23.7680721282959,24.986244440078735,0.010657118149188963
2025-06-21 00:30:00+00:00,17.56200909614563,26.199614518904127,23.769960403442383,24.955536127090454,0.010637624184895441
2025-06-21 00:40:00.000000500+00:00,17.390812635421753,26.049130742205307,23.771678924560547,24.96399998664856,0.010631148251912064
2025-06-21 00:50:00.000000500+00:00,17.226154804229736,25.848785407142714,23.773334503173828,24.95937466621399,0.010584016472310585
2025-06-21 01:00:00+00:00,17.0816433429718,25.75725317315664,23.775020599365234,24.926228523254395,0.01050088798902073
2025-06-21 01:10:00.000000500+00:00,17.000837326049805,25.59385487542022,23.776517868041992,24.907333850860596,0.010490908049727483
2025-06-21 01:20:00.000000500+00:00,16.968823671340942,25.431780068669468,23.77802085876465,24.881614446640015,0.010480266457000429
2025-06-21 01:30:00+00:00,17.082406282424927,25.345877284300514,23.779430389404297,24.84708547592163,0.010475229620235577
2025-06-21 01:39:59.999999400+00:00,17.19705581665039,25.123222151887603,23.780826568603516,24.824310541152954,0.010471052932934672
2025-06-21 01:49:59.999999400+00:00,17.105515003204346,24.824958613025956,23.78205108642578,24.825645685195923,0.010465930632601286
2025-06-21 02:00:00+00:00,16.90784215927124,24.78904990386218,23.7830810546875,24.81008291244507,0.010440062740228764
2025-06-21 02:10:00.000000500+00:00,16.972018480300903,24.790167071158066,23.78400993347168,24.799753427505493,0.010433465504115853
2025-06-21 02:20:00.000000500+00:00,16.906542778015137,24.842888644896448,23.7849178314209,24.7787606716156,0.010221339413237506
2025-06-21 02:30:00+00:00,16.827906370162964,24.798961828113534,23.785537719726562,24.745590686798096,0.010199449712135742
2025-06-21 02:40:00.000000500+00:00,16.747469902038574,24.7593510345323,23.78603172302246,24.724079370498657,0.010024037116165733
2025-06-21 02:50:00.000000500+00:00,16.57464623451233,24.898072683485225,23.786334991455078,24.656219482421875,0.009968700833985055
2025-06-21 03:00:00+00:00,16.317201852798462,25.617884036852047,23.78640365600586,24.659616947174072,0.009866497433576416
2025-06-21 03:09:59.999999400+00:00,16.119600534439087,28.2963580484502,23.786422729492188,24.648303985595703,0.009665751781759543
2025-06-21 03:19:59.999999400+00:00,15.979893207550049,35.05402585957199,23.786008834838867,24.614633321762085,0.009659716951065368
2025-06-21 03:30:00+00:00,15.8518385887146,38.14847526862286,23.78571319580078,24.62179183959961,0.009649974104252567
2025-06-21 03:40:00.000000500+00:00,15.695531368255615,45.20666108233854,23.785003662109375,24.631948471069336,0.009636043542581633
2025-06-21 03:50:00.000000500+00:00,15.508205890655518,59.79249794315547,23.784215927124023,24.618942737579346,0.00958609422210786
2025-06-21 04:00:00+00:00,15.363342761993408,77.48649551253766,23.783226013183594,24.61912751197815,0.00956884160882136
2025-06-21 04:10:00.000000500+00:00,15.367854833602905,99.79253542330116,23.782041549682617,24.603922367095947,0.009544608551808196
2025-06-21 04:20:00.000000500+00:00,15.54588794708252,118.12759243883193,23.780649185180664,24.58645224571228,0.009536495026576147
2025-06-21 04:30:00+00:00,15.767170190811157,114.43294238392264,23.779232025146484,24.529088735580444,0.00953072485725549
2025-06-21 04:39:59.999999400+00:00,15.957058668136597,136.59024136606604,23.777610778808594,24.53924536705017,0.009460936961324756
2025-06-21 04:49:59.999999400+00:00,16.129149198532104,152.01502725295722,23.77587127685547,24.509258270263672,0.009453540227312662
2025-06-21 05:00:00+00:00,16.32594585418701,175.61800110340118,23.77404022216797,24.52212691307068,0.009450003138331105
2025-06-21 05:10:00.000000500+00:00,16.330320835113525,177.7718325527385,23.772050857543945,24.53355312347412,0.009443328709317581
2025-06-21 05:20:00.000000500+00:00,16.38010859489441,165.90787819493562,23.769880294799805,24.526174068450928,0.009431021955448784
2025-06-21 05:30:00+00:00,16.355748176574707,181.6993365045637,23.76769256591797,24.489070177078247,0.009425772838207249
2025-06-21 05:40:00.000000500+00:00,16.360647678375244,235.36730191111565,23.765396118164062,24.469990730285645,0.009344055882242849
2025-06-21 05:50:00.000000500+00:00,16.58076763153076,247.97584659419954,23.762907028198242,24.451745748519897,0.009156452321754955
2025-06-21 06:00:00+00:00,16.79056406021118,230.4487330187112,23.760395050048828,24.394912719726562,0.009183191391148659
2025-06-21 06:09:59.999999400+00:00,17.103291749954224,226.69840576127172,23.75774383544922,24.39738631248474,0.009188344017264424
2025-06-21 06:19:59.999999400+00:00,17.320419549942017,225.9946104940027,23.75503158569336,24.368269443511963,0.0091867615628019
2025-06-21 06:30:00+00:00,17.53006100654602,249.3464531879872,23.752243041992188,24.38169836997986,0.009180291143597138
2025-06-21 06:40:00.000000500+00:00,17.802364826202393,288.2004716042429,23.749252319335938,24.386210441589355,0.009177787888105905
2025-06-21 06:50:00.000000500+00:00,18.031842708587646,354.1554253846407,23.74618911743164,24.38922643661499,0.009188809931557396
2025-06-21 07:00:00+00:00,18.373812437057495,424.9645616468042,23.743024826049805,24.381531476974487,0.009182320214127477
2025-06-21 07:10:00.000000500+00:00,18.677390813827515,452.5343181118369,23.739715576171875,24.361730813980103,0.009182113447429415
2025-06-21 07:20:00.000000500+00:00,19.036341905593872,467.1619229391217,23.736234664916992,24.34502363204956,0.009194491880420212
2025-06-21 07:30:00+00:00,19.370557069778442,482.8259369507432,23.732769012451172,24.319947957992554,0.009201874829985763
2025-06-21 07:39:59.999999400+00:00,19.629205465316772,547.8374781757593,23.729249954223633,24.291915893554688,0.009206092870626282
2025-06-21 07:49:59.999999400+00:00,19.853307008743286,601.7046147175133,23.725709915161133,24.26936149597168,0.009220403883021654
2025-06-21 08:00:00+00:00,20.1295804977417,647.7499966956675,23.7220401763916,24.240620136260986,0.009258159482088236
2025-06-21 08:10:00.000000500+00:00,20.55338144302368,681.2288367971778,23.718446731567383,24.228609800338745,0.0092708577142387
2025-06-21 08:20:00.000000500+00:00,21.04357600212097,708.480901747942,23.7145938873291,24.2294979095459,0.009279572241339792
2025-06-21 08:30:00+00:00,21.697170734405518,726.7453323192894,23.71072006225586,24.22356128692627,0.009304461438008147
2025-06-21 08:40:00.000000500+00:00,22.23625898361206,748.0129232928157,23.706857681274414,24.22038435935974,0.009323941617855134
2025-06-21 08:50:00.000000500+00:00,23.018873929977417,767.282468944788,23.702919006347656,24.204154014587402,0.009419919962207372
2025-06-21 09:00:00+00:00,23.29488515853882,785.5865136645734,23.69884490966797,24.19515371322632,0.009487692572054302
2025-06-21 09:09:59.999999400+00:00,23.957974910736084,803.0714365616441,23.694656372070312,24.188013076782227,0.009494763993128114
2025-06-21 09:19:59.999999400+00:00,24.3540358543396,821.5369438268244,23.690439224243164,24.17516827583313,0.009528464208023318
2025-06-21 09:30:00+00:00,24.542672634124756,822.0671722255647,23.68621826171875,24.16691303253174,0.009579058640595054
2025-06-21 09:40:00.000000500+00:00,24.78702187538147,831.1028481535614,23.681922912597656,24.16666865348816,0.009587252115617024
2025-06-21 09:50:00.000000500+00:00,25.89745044708252,864.1630021333694,23.67751121520996,24.164499044418335,0.009596291955656405
2025-06-21 10:00:00+00:00,26.32593035697937,880.8108211755753,23.67306137084961,24.148894548416138,0.009603258614936525
2025-06-21 10:10:00.000000500+00:00,26.770789623260498,886.63764372468,23.66855812072754,24.14857268333435,0.00961115158902397
2025-06-21 10:20:00.000000500+00:00,27.000041007995605,898.8465310335159,23.664051055908203,24.14162278175354,0.009706032691431814
2025-06-21 10:30:00+00:00,26.430715322494507,874.7064848765731,23.65941619873047,24.137414693832397,0.009943615898175866
2025-06-21 10:39:59.999999400+00:00,26.048297882080078,920.932009242475,23.654823303222656,24.137736558914185,0.009987541415512693
2025-06-21 10:49:59.999999400+00:00,26.03763461112976,927.7277144193649,23.65021514892578,24.132920503616333,0.010008091268410995
2025-06-21 11:00:00+00:00,26.899917125701904,914.0007141754031,23.64548110961914,24.131335020065308,0.010023573958762067
2025-06-21 11:10:00.000000500+00:00,27.707971334457397,925.2712077945471,23.640745162963867,24.1348934173584,0.010080404474947426
2025-06-21 11:20:00.000000500+00:00,27.943546772003174,930.260872811079,23.636106491088867,24.129481315612793,0.010101012222521185
2025-06-21 11:30:00+00:00,27.09654688835144,925.1792042031884,23.631351470947266,24.136544466018677,0.010126011694761839
2025-06-21 11:40:00.000000500+00:00,27.771342992782593,922.5673542916775,23.62652587890625,24.146897792816162,0.010135239003274132
2025-06-21 11:50:00.000000500+00:00,27.15702772140503,926.3577519580722,23.621841430664062,24.142194986343384,0.010143964557932459
2025-06-21 12:00:00+00:00,27.07218050956726,913.7252401784062,23.616994857788086,24.136985540390015,0.010203549206536034
2025-06-21 12:09:59.999999400+00:00,27.231175899505615,929.0978915914893,23.612173080444336,24.15535569190979,0.010381007414372232
2025-06-21 12:19:59.999999400+00:00,27.86682367324829,919.5767544731498,23.607492446899414,24.161030054092407,0.010412901866771008
2025-06-21 12:30:00+00:00,27.584840059280396,910.4437071830034,23.602718353271484,24.1623055934906,0.010559116248085
2025-06-21 12:40:00.000000500+00:00,27.889914512634277,907.303561270237,23.597944259643555,24.16913628578186,0.010606341761922936
2025-06-21 12:50:00.000000500+00:00,28.248472213745117,870.1116194017231,23.593324661254883,24.173415899276733,0.010616666312379622
2025-06-21 13:00:00+00:00,28.07013511657715,805.2307297177613,23.588647842407227,24.188352823257446,0.01063032394200911
2025-06-21 13:10:00.000000500+00:00,28.259952068328857,882.9527227543294,23.583967208862305,24.20597195625305,0.010642749242118135
2025-06-21 13:20:00.000000500+00:00,28.59513282775879,866.8506449684501,23.579465866088867,24.216378927230835,0.010650140462351614
2025-06-21 13:30:00+00:00,28.533203601837158,853.2340597696602,23.57495880126953,24.235756397247314,0.010662461000666954
2025-06-21 13:39:59.999999400+00:00,28.718860149383545,839.8225770927966,23.57050895690918,24.247647523880005,0.010813623998287957
2025-06-21 13:49:59.999999400+00:00,28.85416865348816,824.3154093436897,23.56615447998047,24.26315665245056,0.010861326453976094
2025-06-21 14:00:00+00:00,29.138011932373047,806.5753563009202,23.561927795410156,24.278498888015747,0.010870369050904782
2025-06-21 14:10:00.000000500+00:00,29.40529704093933,788.7515123561025,23.557809829711914,24.29762601852417,0.010884611141067469
2025-06-21 14:20:00.000000500+00:00,29.493857622146606,769.9976484440267,23.55375862121582,24.323196411132812,0.010898373532490641
2025-06-21 14:30:00+00:00,29.346848726272583,753.4071571938694,23.54979133605957,24.344552755355835,0.010941800052862802
2025-06-21 14:40:00.000000500+00:00,29.66815948486328,734.4137833490968,23.54595375061035,24.35281991958618,0.011042658091289365
2025-06-21 14:50:00.000000500+00:00,30.499221086502075,714.7412254661322,23.542327880859375,24.36142086982727,0.011062998420600299
2025-06-21 15:00:00+00:00,30.064250230789185,691.5506306067109,23.538671493530273,24.386216402053833,0.011078037251772862
2025-06-21 15:09:59.999999400+00:00,30.160446166992188,668.2492986358702,23.535245895385742,24.41240668296814,0.011086478846832507
2025-06-21 15:19:59.999999400+00:00,30.469448566436768,643.0946901217103,23.532108306884766,24.434221982955933,0.011087074334922929
2025-06-21 15:30:00+00:00,30.234206914901733,618.0474370233715,23.529067993164062,24.47639226913452,0.011105834966660653
2025-06-21 15:40:00.000000500+00:00,30.183483362197876,593.4286930672824,23.52606773376465,24.49807643890381,0.011113416412256352
2025-06-21 15:50:00.000000500+00:00,30.530680418014526,568.7236353568733,23.5233154296875,24.50453758239746,0.011118524928143195
2025-06-21 16:00:00+00:00,30.94803810119629,540.4429981671274,23.520713806152344,24.521656036376953,0.011125031186908965
2025-06-21 16:10:00.000000500+00:00,30.902678966522217,512.6393947675824,23.518314361572266,24.551082849502563,0.011134200600745794
2025-06-21 16:20:00.000000500+00:00,30.92987060546875,484.18779407814145,23.516067504882812,24.5762300491333,0.01114446174274841
2025-06-21 16:30:00+00:00,30.766851902008057,455.0485282726586,23.514081954956055,24.593145847320557,0.011152525643972924
2025-06-21 16:39:59.999999400+00:00,30.95973253250122,426.09308177791536,23.512252807617188,24.61944341659546,0.0112735337863482
2025-06-21 16:49:59.999999400+00:00,31.125153303146362,398.0989761929959,23.51067352294922,24.64605689048767,0.01134693045038249
2025-06-21 17:00:00+00:00,30.906320810317993,369.78986297920346,23.509241104125977,24.67250943183899,0.01135537755922075
2025-06-21 17:10:00.000000500+00:00,31.758071184158325,341.74935301579535,23.50813102722168,24.693716764450073,0.011364880556663796
2025-06-21 17:20:00.000000500+00:00,31.71501874923706,313.31895502097905,23.507156372070312,24.715830087661743,0.011379453473543386
2025-06-21 17:30:00+00:00,31.419957876205444,285.34275095164776,23.506454467773438,24.7305166721344,0.01139437651536503
2025-06-21 17:40:00.000000500+00:00,32.00357675552368,258.4973483160138,23.50592803955078,24.774022102355957,0.011405966478013872
2025-06-21 17:50:00.000000500+00:00,31.931228637695312,232.5150832235813,23.50556755065918,24.79561686515808,0.011418430374573196
2025-06-21 18:00:00+00:00,32.25558519363403,206.13902504649013,23.505504608154297,24.824167490005493,0.011448965680543367
2025-06-21 18:09:59.999999400+00:00,31.938005685806274,182.20304811559618,23.505645751953125,24.851967096328735,0.011464263659310834
2025-06-21 18:19:59.999999400+00:00,31.487561464309692,157.65146839153022,23.50598907470703,24.87547516822815,0.011557749775729067
2025-06-21 18:30:00+00:00,30.44412851333618,135.82470331527293,23.506589889526367,24.905182123184204,0.011759788408631174
2025-06-21 18:40:00.000000500+00:00,29.79679822921753,115.00754882767797,23.507282257080078,24.927897453308105,0.011768593913079415
2025-06-21 18:50:00.000000500+00:00,29.3313992023468,95.80664354469627,23.508310317993164,24.935985803604126,0.011778190644758917
2025-06-21 19:00:00+00:00,29.013980627059937,79.08036111295223,23.509431838989258,24.967474937438965,0.011787076098997071
2025-06-21 19:10:00.000000500+00:00,28.874911069869995,62.9923603059724,23.510887145996094,24.99199628829956,0.011792220454444922
2025-06-21 19:20:00.000000500+00:00,28.353108167648315,48.25477656489238,23.512407302856445,25.009078979492188,0.011795468070049189
2025-06-21 19:30:00+00:00,28.19842219352722,36.041631942847744,23.514328002929688,25.021977424621582,0.011801657286544583
2025-06-21 19:39:59.999999400+00:00,28.217161893844604,29.463160449871793,23.516284942626953,25.06240725517273,0.011805384600888359
2025-06-21 19:49:59.999999400+00:00,27.833093404769897,25.99266179348342,23.518579483032227,25.0764262676239,0.01180773622746768
2025-06-21 20:00:00+00:00,27.62639045715332,23.622529310407117,23.520933151245117,25.101734399795532,0.011809117429010748
2025-06-21 20:10:00.000000500+00:00,27.56416916847229,22.314593118033372,23.523578643798828,25.123698711395264,0.011808670812942932
2025-06-21 20:20:00.000000500+00:00,27.223457098007202,21.921487779007293,23.52655792236328,25.134493112564087,0.01180924975969751
2025-06-21 20:30:00+00:00,26.600821018218994,21.683509338414297,23.529537200927734,25.145353078842163,0.011810713667919807
2025-06-21 20:40:00.000000500+00:00,26.16137981414795,21.5377072643023,23.5327091217041,25.154895782470703,0.011811361536907077
2025-06-21 20:50:00.000000500+00:00,25.865812301635742,21.270979378838092,23.536054611206055,25.166304111480713,0.011811590358719603
2025-06-21 21:00:00+00:00,25.65372109413147,21.127109702210873,23.539661407470703,25.172401666641235,0.011810597878568894
2025-06-21 21:09:59.999999400+00:00,25.240947008132935,20.903612500755116,23.543376922607422,25.18134832382202,0.01180930489748366
2025-06-21 21:19:59.999999400+00:00,24.92662787437439,20.6730399064254,23.54722023010254,25.203276872634888,0.011806876078003733
2025-06-21 21:30:00+00:00,24.41158413887024,20.659578543738462,23.551408767700195,25.22029399871826,0.011806189612566156
2025-06-21 21:40:00.000000500+00:00,24.58475947380066,20.633610275108367,23.555564880371094,25.227583646774292,0.011805042746614227
2025-06-21 21:50:00.000000500+00:00,24.54639196395874,20.432032030192204,23.560001373291016,25.234700441360474,0.01179443975033748
2025-06-21 22:00:00+00:00,24.430031776428223,20.226988218259066,23.564476013183594,25.25156855583191,0.011793805665796745
2025-06-21 22:10:00.000000500+00:00,24.041552543640137,20.020162977394648,23.569101333618164,25.269795656204224,0.01179216807354808
2025-06-21 22:20:00.000000500+00:00,23.73063087463379,19.748612485360354,23.573978424072266,25.28280735015869,0.011790530481299407
2025-06-21 22:30:00+00:00,23.35906147956848,19.602131052757613,23.57892417907715,25.291271209716797,0.011788391135196762
2025-06-21 22:39:59.999999400+00:00,22.84554362297058,19.586081418092363,23.58409309387207,25.301547050476074,0.011786196651307975
2025-06-21 22:49:59.999999400+00:00,22.70046591758728,19.351155897136778,23.589323043823242,25.316108465194702,0.011783853295396576
2025-06-21 23:00:00+00:00,22.544915676116943,19.260405344772153,23.59455680847168,25.31865358352661,0.01178149615503864
2025-06-21 23:10:00.000000500+00:00,21.673537492752075,19.154720647609793,23.600072860717773,25.324220657348633,0.011778383627010443
2025-06-21 23:20:00.000000500+00:00,21.39850378036499,19.022626518155448,23.605648040771484,25.329036712646484,0.011773250299119829
2025-06-21 23:30:00+00:00,21.439833641052246,18.815677147591487,23.611295700073242,25.3353488445282,0.011771116466795798
2025-06-21 23:40:00.000000500+00:00,21.285207271575928,18.781308317673393,23.617055892944336,25.331748723983765,0.011769569851894281
2025-06-21 23:50:00.000000500+00:00,21.208579540252686,18.551393275265582,23.622943878173828,25.34619688987732,0.011768304439702126
2025-06-22 00:00:00+00:00,21.275867223739624,18.271494222222827,23.628833770751953,25.34399151802063,0.011766559328770462
2025-06-22 00:09:59.999999400+00:00,21.330703496932983,18.244662077981047,23.634809494018555,25.345189571380615,0.011724092205877317
2025-06-22 00:19:59.999999400+00:00,21.137512922286987,18.265846320893615,23.64089584350586,25.34294843673706,0.01168098824155413
2025-06-22 00:30:00+00:00,20.90206265449524,18.314946326776408,23.646839141845703,25.34234642982483,0.011678258921139679
2025-06-22 00:40:00.000000500+00:00,20.687140226364136,18.466349334223196,23.652883529663086,25.344146490097046,0.011675830101659752
2025-06-22 00:50:00.000000500+00:00,20.68346858024597,18.545035821734928,23.658817291259766,25.35610318183899,0.011673715567560878
2025-06-22 01:00:00+00:00,20.604403018951416,18.47422821528744,23.664865493774414,25.347418785095215,0.011670660934208137
2025-06-22 01:10:00.000000500+00:00,20.46626329421997,18.33208628988359,23.67088508605957,25.3355872631073,0.011652371730542007
2025-06-22 01:20:00.000000500+00:00,20.09133219718933,18.369170876336284,23.67691993713379,25.33890128135681,0.011650213086214212
2025-06-22 01:30:00+00:00,19.88229274749756,18.384908509324305,23.682966232299805,25.339062213897705,0.011646910332823796
2025-06-22 01:39:59.999999400+00:00,19.87635612487793,18.492213602294214,23.68887710571289,25.334138870239258,0.011643557955425838
2025-06-22 01:49:59.999999400+00:00,19.710339307785034,18.556289688684046,23.694765090942383,25.333542823791504,0.011637498312727899
2025-06-22 02:00:00+00:00,19.17922616004944,18.639594136504456,23.700721740722656,25.33880591392517,0.011629825889785051
2025-06-22 02:10:00.000000500+00:00,18.721367120742798,18.76404087000992,23.706541061401367,25.328530073165894,0.011621265748485179
2025-06-22 02:20:00.000000500+00:00,18.266375064849854,18.830810906365514,23.712305068969727,25.31955361366272,0.011589018414255036
2025-06-22 02:30:00+00:00,17.905105352401733,18.85611826821696,23.71812629699707,25.31364679336548,0.011534211454821402
2025-06-22 02:40:00.000000500+00:00,17.751957178115845,18.87598740728572,23.72374153137207,25.30073642730713,0.011524642292034978
2025-06-22 02:50:00.000000500+00:00,17.969186305999756,18.915455619455315,23.72941780090332,25.288922786712646,0.011521066606603115
2025-06-22 03:00:00+00:00,18.17824959754944,19.34032977442257,23.734899520874023,25.260831117630005,0.011516002200945192
2025-06-22 03:09:59.999999400+00:00,17.999757528305054,20.41173514688853,23.74033546447754,25.258256196975708,0.011510648321909973
2025-06-22 03:19:59.999999400+00:00,18.10168147087097,22.287116841296665,23.745607376098633,25.25849461555481,0.011505785169171497
2025-06-22 03:30:00+00:00,17.96387553215027,25.801134699373506,23.750883102416992,25.23361563682556,0.011500591189716112
2025-06-22 03:40:00.000000500+00:00,17.92485237121582,32.326436745235696,23.755876541137695,25.24545907974243,0.011495416508485883
2025-06-22 03:50:00.000000500+00:00,18.039168119430542,45.13279049168341,23.7606258392334,25.250054597854614,0.01149023631347704
2025-06-22 04:00:00+00:00,18.394417762756348,58.239856822416186,23.765356063842773,25.225908756256104,0.011486679926270334
2025-06-22 04:10:00.000000500+00:00,18.801523447036743,74.8141105659306,23.769960403442383,25.207884311676025,0.011388832410967591
2025-06-22 04:20:00.000000500+00:00,19.225306510925293,93.23388442397118,23.77433967590332,25.215299129486084,0.011275648320447074
2025-06-22 04:30:00+00:00,19.78584051132202,111.74886240670457,23.778654098510742,25.208134651184082,0.011275460851974162
2025-06-22 04:39:59.999999400+00:00,20.22827386856079,131.39535305276513,23.782676696777344,25.184829235076904,0.011275731027126302
2025-06-22 04:49:59.999999400+00:00,21.022815704345703,153.831373533234,23.786653518676758,25.182433128356934,0.011275223759493715
2025-06-22 05:00:00+00:00,21.583391427993774,176.55227502901107,23.790348052978516,25.179888010025024,0.011271642560283238
2025-06-22 05:10:00.000000500+00:00,21.897037029266357,198.17391074448824,23.794052124023438,25.17432689666748,0.011269205470135383
2025-06-22 05:20:00.000000500+00:00,21.808708906173706,220.63929293118417,23.79768943786621,25.16488552093506,0.011268008980175919
2025-06-22 05:30:00+00:00,21.881110668182373,244.96232639439404,23.801198959350586,25.152195692062378,0.011127007876542461
2025-06-22 05:40:00.000000500+00:00,21.255404949188232,273.47503915429115,23.80460548400879,25.14167547225952,0.010863576075651037
2025-06-22 05:50:00.000000500+00:00,20.636816024780273,299.4805466942489,23.807880401611328,25.16553521156311,0.010880817661380309
2025-06-22 06:00:00+00:00,20.724750757217407,330.28489499911666,23.811153411865234,25.179405212402344,0.010882198862923378
2025-06-22 06:09:59.999999400+00:00,20.99494457244873,364.19771936908364,23.8143310546875,25.152463912963867,0.010882708887445271
2025-06-22 06:19:59.999999400+00:00,21.00187659263611,381.4104694481939,23.817367553710938,25.15386462211609,0.010883006631490489
2025-06-22 06:30:00+00:00,20.854629278182983,412.23575205914676,23.82044219970703,25.187207460403442,0.010882543474086823
2025-06-22 06:40:00.000000500+00:00,20.917214155197144,444.50504552945495,23.823257446289062,25.193161964416504,0.010883988084083963
2025-06-22 06:50:00.000000500+00:00,21.269865036010742,456.53776260092854,23.826135635375977,25.171769857406616,0.010885418909634573
2025-06-22 07:00:00+00:00,21.512396335601807,489.162697724998,23.8288631439209,25.180346965789795,0.010886830436960027
2025-06-22 07:10:00.000000500+00:00,22.021116018295288,515.3795344009995,23.831701278686523,25.17057776451111,0.010888517653216235
2025-06-22 07:20:00.000000500+00:00,22.325773239135742,527.9188616797328,23.83447265625,25.121439695358276,0.010892396596471923
2025-06-22 07:30:00+00:00,22.56056785583496,564.768608160317,23.837249755859375,25.075865983963013,0.010896173534823233
2025-06-22 07:39:59.999999400+00:00,23.01005244255066,592.2713480070233,23.83999252319336,25.05691170692444,0.01089889734145907
2025-06-22 07:49:59.999999400+00:00,23.128808736801147,631.3710492923856,23.8426570892334,25.059003829956055,0.010903691571964861
2025-06-22 08:00:00+00:00,23.350788354873657,647.3985687419772,23.845335006713867,25.0448477268219,0.010908292820219125
2025-06-22 08:10:00.000000500+00:00,23.787851333618164,647.2371061965823,23.848064422607422,25.04552721977234,0.01091882689426318
2025-06-22 08:20:00.000000500+00:00,24.36686873435974,671.1278730779886,23.850780487060547,25.057400465011597,0.0109367439178728
2025-06-22 08:30:00+00:00,24.741716384887695,720.8231244832277,23.853271484375,25.04215359687805,0.010943633384252308
2025-06-22 08:40:00.000000500+00:00,24.896950721740723,736.3499382734299,23.855823516845703,25.041879415512085,0.010950495281738745
2025-06-22 08:50:00.000000500+00:00,25.074316263198853,756.5179414004087,23.858402252197266,25.05802631378174,0.010959689507579345
2025-06-22 09:00:00+00:00,25.421042442321777,778.799557954073,23.860872268676758,25.069297552108765,0.011067828490667089
2025-06-22 09:09:59.999999400+00:00,25.86557388305664,769.0355828851461,23.863338470458984,25.06744384765625,0.011165565730397526
2025-06-22 09:19:59.999999400+00:00,26.129050254821777,778.8302616029978,23.865671157836914,25.057495832443237,0.011175432637229168
2025-06-22 09:30:00+00:00,26.332927942276,805.8012700751424,23.867929458618164,25.062657594680786,0.011187973726689105
2025-06-22 09:40:00.000000500+00:00,26.473028659820557,819.8090047314763,23.87030029296875,25.051738023757935,0.011202268197748635
2025-06-22 09:50:00.000000500+00:00,26.618398427963257,836.9515712074935,23.872562408447266,25.057770013809204,0.011216535099915086
2025-06-22 10:00:00+00:00,26.905072927474976,847.743581738323,23.874755859375,25.067139863967896,0.011231518793301493
2025-06-22 10:10:00.000000500+00:00,27.178688049316406,868.8331774324179,23.8769474029541,25.063319206237793,0.011293700431632765
2025-06-22 10:20:00.000000500+00:00,27.325685024261475,881.728387914598,23.87900733947754,25.059343576431274,0.011511351328683393
2025-06-22 10:30:00+00:00,27.614946365356445,894.1129623614252,23.881113052368164,25.06417155265808,0.011524259084421232
2025-06-22 10:39:59.999999400+00:00,27.85091519355774,898.2216688357294,23.883169174194336,25.085885524749756,0.01153971144898992
2025-06-22 10:49:59.999999400+00:00,28.232426643371582,886.6240095868707,23.885101318359375,25.095136165618896,0.011554185117854433
2025-06-22 11:00:00+00:00,28.495479822158813,905.6310712471604,23.88712501525879,25.105960369110107,0.011573532967014657
2025-06-22 11:10:00.000000500+00:00,28.655107021331787,911.8172123730183,23.888999938964844,25.110478401184082,0.011609129921753444
2025-06-22 11:20:00.000000500+00:00,28.868485689163208,906.8235752061009,23.890914916992188,25.11329174041748,0.011748901452755752
2025-06-22 11:30:00+00:00,29.191596508026123,912.9166391864419,23.892765045166016,25.134224891662598,0.011827811895405087
2025-06-22 11:40:00.000000500+00:00,29.287506341934204,913.0600660219789,23.894664764404297,25.15257716178894,0.011843826665392517
2025-06-22 11:50:00.000000500+00:00,29.51223373413086,904.1796260252595,23.896570205688477,25.176866054534912,0.011864652207221573
2025-06-22 12:00:00+00:00,29.759807586669922,903.1057498008013,23.898386001586914,25.18742799758911,0.011929331587265456
2025-06-22 12:09:59.999999400+00:00,30.130363702774048,902.726141050458,23.900232315063477,25.18798828125,0.012131883001578764
2025-06-22 12:19:59.999999400+00:00,30.3790283203125,894.2092601694167,23.902118682861328,25.214035511016846,0.012236457326791874
2025-06-22 12:30:00+00:00,30.588407516479492,887.281990930438,23.904027938842773,25.242103338241577,0.01225147685973928
2025-06-22 12:40:00.000000500+00:00,30.772645473480225,878.8404735513031,23.906030654907227,25.26633858680725,0.012267896892454912
2025-06-22 12:50:00.000000500+00:00,30.915708541870117,867.3639648891985,23.90789031982422,25.27167320251465,0.0122925076433032
2025-06-22 13:00:00+00:00,31.247533559799194,858.6920091100037,23.909996032714844,25.313974618911743,0.012320837437827348
2025-06-22 13:10:00.000000500+00:00,31.64112091064453,845.0634001046419,23.91211700439453,25.338501930236816,0.01238484137999089
2025-06-22 13:20:00.000000500+00:00,31.801642179489136,821.0458464771509,23.914207458496094,25.360454320907593,0.012443902219626036
2025-06-22 13:30:00+00:00,31.941659450531006,823.6998870670795,23.916378021240234,25.390453338623047,0.01251961191378934
2025-06-22 13:39:59.999999400+00:00,32.129902839660645,815.7659997716546,23.918725967407227,25.394256114959717,0.012614967201158078
2025-06-22 13:49:59.999999400+00:00,32.12567090988159,785.0504343956709,23.921030044555664,25.41536808013916,0.012873673693776396
2025-06-22 14:00:00+00:00,32.222397327423096,778.5566126480699,23.923526763916016,25.448156595230103,0.013014534196055177
2025-06-22 14:10:00.000000500+00:00,32.321484088897705,759.2745600901544,23.926013946533203,25.447745323181152,0.013060582518158798
2025-06-22 14:20:00.000000500+00:00,32.62747049331665,724.2930662333965,23.928691864013672,25.483829975128174,0.01319818162038677
2025-06-22 14:30:00+00:00,32.60131597518921,728.7653318233788,23.931394577026367,25.521857738494873,0.013213096391540492
2025-06-22 14:40:00.000000500+00:00,32.563687562942505,694.1123455390334,23.934282302856445,25.539923906326294,0.013230961034253263
2025-06-22 14:50:00.000000500+00:00,32.568676471710205,695.8217658251524,23.937305450439453,25.5558443069458,0.013250364021199636
2025-06-22 15:00:00+00:00,32.954169511795044,654.6333038918674,23.940305709838867,25.603057146072388,0.013269924150836544
2025-06-22 15:09:59.999999400+00:00,33.11647891998291,618.8203423395753,23.943449020385742,25.625993013381958,0.013297782517289098
2025-06-22 15:19:59.999999400+00:00,32.99954652786255,583.3328824080527,23.94697380065918,25.661851167678833,0.013330719073846125
2025-06-22 15:30:00+00:00,33.06392550468445,568.5989420413971,23.9505615234375,25.697989463806152,0.013393730535858957
2025-06-22 15:40:00.000000500+00:00,33.36812376976013,563.1355175748467,23.95441246032715,25.798357725143433,0.013430670095690506
2025-06-22 15:50:00.000000500+00:00,33.30327391624451,529.9675250798464,23.95818519592285,25.79543709754944,0.013571855910907576
2025-06-22 16:00:00+00:00,33.499319553375244,513.4209958724678,23.962255477905273,25.81405758857727,0.013596061399027661
2025-06-22 16:10:00.000000500+00:00,33.59744668006897,485.1552274078131,23.96657943725586,25.842167139053345,0.013634894941813486
2025-06-22 16:20:00.000000500+00:00,33.57996463775635,477.75323252007365,23.970977783203125,25.926835536956787,0.013758624133935287
2025-06-22 16:30:00+00:00,34.267534017562866,435.1712436117232,23.975597381591797,26.020933389663696,0.013886618233815835
2025-06-22 16:39:59.999999400+00:00,34.65103626251221,392.6584989465773,23.980457305908203,26.12611174583435,0.01390520793841649
2025-06-22 16:49:59.999999400+00:00,34.495718479156494,346.23066329956055,23.985532760620117,26.176340579986572,0.013936374572038081
2025-06-22 17:00:00+00:00,34.2545223236084,331.65909799933434,23.99079132080078,26.211143732070923,0.014031652666506206
2025-06-22 17:10:00.000000500+00:00,34.28552865982056,263.3663995228708,23.996179580688477,26.247740983963013,0.01419732517255273
2025-06-22 17:20:00.000000500+00:00,33.90599012374878,259.90144979953766,24.001758575439453,26.291842460632324,0.014214285555572633
2025-06-22 17:30:00+00:00,34.019572734832764,269.60860701464117,24.007692337036133,26.316864490509033,0.014396965311757288
2025-06-22 17:40:00.000000500+00:00,33.918501138687134,182.7397983558476,24.0136775970459,26.343799829483032,0.014410785597855916
2025-06-22 17:50:00.000000500+00:00,33.803672790527344,201.79100993089378,24.019832611083984,26.38752579689026,0.014517027841100077
2025-06-22 18:00:00+00:00,33.59776854515076,169.60054217465222,24.02622413635254,26.43565058708191,0.014647362540002717
2025-06-22 18:09:59.999999400+00:00,33.45984935760498,128.88358522765338,24.032800674438477,26.45132064819336,0.014660521172667546
2025-06-22 18:19:59.999999400+00:00,33.211482763290405,128.46043043676764,24.039548873901367,26.473249197006226,0.014672571535830747
2025-06-22 18:30:00+00:00,32.9510760307312,91.71336270170286,24.04651641845703,26.520110368728638,0.014687455981202083
2025-06-22 18:40:00.000000500+00:00,32.47662901878357,63.22627433761954,24.053640365600586,26.543833017349243,0.014700964738808966
2025-06-22 18:50:00.000000500+00:00,31.983150243759155,46.910730371950194,24.061059951782227,26.56188726425171,0.014715978757977758
2025-06-22 19:00:00+00:00,31.66706085205078,41.615498293424025,24.068599700927734,26.6087007522583,0.01472389103029036
2025-06-22 19:10:00.000000500+00:00,31.321651935577393,37.5355496511329,24.076427459716797,26.652963161468506,0.014730132627682597
2025-06-22 19:20:00.000000500+00:00,30.859477519989014,33.15958857885562,24.08428192138672,26.67189359664917,0.014738202042685725
2025-06-22 19:30:00+00:00,30.558289289474487,26.719556926866062,24.09243392944336,26.68191909790039,0.014746235618127861
2025-06-22 19:39:59.999999400+00:00,30.381466150283813,20.11823885946069,24.100730895996094,26.67995810508728,0.014750111804494242
2025-06-22 19:49:59.999999400+00:00,29.929746389389038,18.14556967432145,24.109233856201172,26.699055433273315,0.014752400022619492
2025-06-22 20:00:00+00:00,29.54349637031555,17.10254135762807,24.117952346801758,26.67833685874939,0.0147552230772704
2025-06-22 20:10:00.000000500+00:00,29.322959184646606,16.52641180891078,24.126911163330078,26.692183017730713,0.01475802683369615
2025-06-22 20:20:00.000000500+00:00,29.144866466522217,16.230469830916263,24.136030197143555,26.745439767837524,0.014758186733275992
2025-06-22 20:30:00+00:00,29.021472930908203,15.741836623521522,24.145328521728516,26.823325157165527,0.014759482471250526
2025-06-22 20:40:00.000000500+00:00,28.77419114112854,15.216365411644801,24.154733657836914,26.924426555633545,0.014759435604132298
2025-06-22 20:50:00.000000500+00:00,28.62361192703247,14.998479208094068,24.16444206237793,27.035404443740845,0.014759295002777614
2025-06-22 21:00:00+00:00,28.554500341415405,14.926554434350692,24.17416000366211,27.09857940673828,0.014761180715063962
2025-06-22 21:09:59.999999400+00:00,28.352988958358765,14.704821887542494,24.184293746948242,27.122802734375,0.01476274938507995
2025-06-22 21:19:59.999999400+00:00,28.29312801361084,14.349245653487742,24.19440460205078,27.145941257476807,0.0147643428670997
2025-06-22 21:30:00+00:00,28.330458402633667,14.250235443818383,24.20476531982422,27.149016857147217,0.014767571184478811
2025-06-22 21:40:00.000000500+00:00,28.470022678375244,14.24712884647306,24.215328216552734,27.170748710632324,0.014769693989245606
2025-06-22 21:50:00.000000500+00:00,28.453065156936646,14.325713010854088,24.22599220275879,27.217931747436523,0.014790795220005416
2025-06-22 22:00:00+00:00,28.171212673187256,14.425360643304884,24.236928939819336,27.262468338012695,0.014795625290072206
2025-06-22 22:10:00.000000500+00:00,27.89397954940796,14.200509757152759,24.248130798339844,27.287663221359253,0.014799275411515368
2025-06-22 22:20:00.000000500+00:00,27.559692859649658,13.950827060092706,24.259305953979492,27.27972984313965,0.014801276913152635
2025-06-22 22:30:00+00:00,27.2892427444458,13.824709607928526,24.270673751831055,27.26572275161743,0.014803154354771062
2025-06-22 22:39:59.999999400+00:00,27.41817355155945,13.78240570309572,24.282285690307617,27.35269784927368,0.01480486086925242
2025-06-22 22:49:59.999999400+00:00,27.276976108551025,13.526087099395227,24.29405975341797,27.381612062454224,0.01480699745846575
2025-06-22 23:00:00+00:00,27.29684829711914,13.422113379172515,24.305936813354492,27.38288164138794,0.014808290439550984
2025-06-22 23:10:00.000000500+00:00,27.16767907142639,13.426105658698361,24.317947387695312,27.421118021011353,0.014807096706480827
2025-06-22 23:20:00.000000500+00:00,26.867218017578125,13.144083820050582,24.330102920532227,27.451725006103516,0.014809009987660247
2025-06-22 23:30:00+00:00,26.295007467269897,12.978607188561,24.34234619140625,27.451683282852173,0.014810859860385602
2025-06-22 23:40:00.000000500+00:00,25.257970094680786,12.853250450163614,24.354745864868164,27.551687955856323,0.014806548085508627
2025-06-22 23:50:00.000000500+00:00,25.099326372146606,12.727507903240621,24.367290496826172,27.540607452392578,0.01480533781110262
2025-06-23 00:00:00+00:00,25.03184199333191,12.46477900701575,24.37978744506836,27.521992921829224,0.014799286439072603
2025-06-23 00:09:59.999999400+00:00,24.691696166992188,12.321958561835345,24.39247703552246,27.566505670547485,0.014790536072410512
2025-06-23 00:19:59.999999400+00:00,24.267770051956177,12.208841179555748,24.40533447265625,27.593995332717896,0.014786651615376203
2025-06-23 00:30:00+00:00,24.04490828514099,12.172910663823131,24.418245315551758,27.61820673942566,0.01478105513008193
2025-06-23 00:40:00.000000500+00:00,24.038554430007935,12.237553721002769,24.431196212768555,27.60751962661743,0.014767411284898977
2025-06-23 00:50:00.000000500+00:00,23.893369436264038,12.01254431786947,24.444095611572266,27.59730339050293,0.014764045123054483
2025-06-23 01:00:00+00:00,23.730392456054688,11.89939087087987,24.457212448120117,27.61663317680359,0.01473465392614694
2025-06-23 01:10:00.000000500+00:00,23.63275408744812,11.618962589185685,24.470352172851562,27.613158226013184,0.014733826859354687
2025-06-23 01:20:00.000000500+00:00,23.621655702590942,11.36625716619892,24.48358154296875,27.473593950271606,0.014738202042685725
2025-06-23 01:30:00+00:00,23.601014614105225,11.122554501285776,24.496944427490234,27.355445623397827,0.014740220085658836
2025-06-23 01:39:59.999999400+00:00,23.388088941574097,11.031334268976934,24.510099411010742,27.30261206626892,0.014736057182804473
2025-06-23 01:49:59.999999400+00:00,23.336012363433838,11.060122294700705,24.523454666137695,27.28299617767334,0.01473514189555437
2025-06-23 02:00:00+00:00,23.315770626068115,10.95026834931923,24.536821365356445,27.26199746131897,0.014732029367526173
2025-06-23 02:10:00.000000500+00:00,23.31748127937317,10.912324080825783,24.55009651184082,27.259666919708252,0.01472694014986448
2025-06-23 02:20:00.000000500+00:00,23.376924991607666,10.729432387975976,24.563528060913086,27.26754069328308,0.014688977784099836
2025-06-23 02:30:00+00:00,23.262722492218018,10.750045466527808,24.576824188232422,27.27895498275757,0.014684541949204027
2025-06-23 02:40:00.000000500+00:00,23.07464599609375,10.735263967711944,24.590194702148438,27.295501232147217,0.014679212882172579
2025-06-23 02:50:00.000000500+00:00,22.918708324432373,11.007035041577183,24.603382110595703,27.291948795318604,0.014669742967401225
2025-06-23 03:00:00+00:00,22.816390991210938,11.384267714631278,24.616539001464844,27.308828830718994,0.014665158260482803
2025-06-23 03:09:59.999999400+00:00,22.503013610839844,12.227198955661152,24.629602432250977,27.36948251724243,0.014634970322565385
2025-06-23 03:19:59.999999400+00:00,21.95116400718689,14.25815458316356,24.642663955688477,27.45825171470642,0.014547819537775845
2025-06-23 03:30:00+00:00,21.703345775604248,17.815961708896793,24.655746459960938,27.479393482208252,0.014533858650322532
2025-06-23 03:40:00.000000500+00:00,21.60464644432068,24.514305588207208,24.668603897094727,27.481133937835693,0.01442580788769263
2025-06-23 03:50:00.000000500+00:00,21.575618982315063,35.77637348463759,24.681438446044922,27.43992328643799,0.014376680120232504
2025-06-23 04:00:00+00:00,21.629579067230225,49.40933038434014,24.69424057006836,27.410472631454468,0.014371883132837406
2025-06-23 04:10:00.000000500+00:00,21.942873001098633,52.96272084116936,24.70699119567871,27.370012998580933,0.014352863353504778
2025-06-23 04:20:00.000000500+00:00,22.103668451309204,69.3313956730999,24.719636917114258,27.399219274520874,0.014362134772245991
2025-06-23 04:30:00+00:00,22.1697998046875,95.19997138017789,24.732166290283203,27.412010431289673,0.01434455960291051
2025-06-23 04:39:59.999999400+00:00,22.23284363746643,90.80495472159237,24.74466323852539,27.41145610809326,0.01430556616054485
2025-06-23 04:49:59.999999400+00:00,22.02891230583191,110.66408289782703,24.756975173950195,27.4510395526886,0.014216780540395945
2025-06-23 05:00:00+00:00,21.969927549362183,104.03152440441772,24.76923179626465,27.446259260177612,0.014209157741460633
2025-06-23 05:10:00.000000500+00:00,21.999670267105103,99.76984988199547,24.78145408630371,27.445496320724487,0.014198105372226755
2025-06-23 05:20:00.000000500+00:00,22.115356922149658,136.46758780349046,24.79352569580078,27.439512014389038,0.014186190096639625
2025-06-23 05:30:00+00:00,22.43815779685974,203.22611029073596,24.80547332763672,27.439202070236206,0.014136764585134288
2025-06-23 05:40:00.000000500+00:00,22.704524993896484,137.14049154985696,24.81736183166504,27.389789819717407,0.014142953801629683
2025-06-23 05:50:00.000000500+00:00,22.469956874847412,118.78931780252606,24.829164505004883,27.38316774368286,0.014091306237342473
2025-06-23 06:00:00+00:00,22.18556523323059,185.25431716348976,24.840723037719727,27.37859010696411,0.01410808190877878
2025-06-23 06:09:59.999999400+00:00,22.567952871322632,349.3109317291528,24.852270126342773,27.4721097946167,0.014101617003352624
2025-06-23 06:19:59.999999400+00:00,23.239434957504272,372.04593704268336,24.863727569580078,27.55550265312195,0.014077767153953213
2025-06-23 06:30:00+00:00,23.694629669189453,343.1596274357289,24.87494659423828,27.600271701812744,0.014075724298976331
2025-06-23 06:40:00.000000500+00:00,24.19820547103882,450.2623017691076,24.88624382019043,27.61304497718811,0.01409926813366261
2025-06-23 06:50:00.000000500+00:00,24.456394910812378,446.61699494719505,24.8973331451416,27.62891173362732,0.014090517767000526
2025-06-23 07:00:00+00:00,24.741859436035156,446.51068624667823,24.908262252807617,27.65470862388611,0.014103618504989892
2025-06-23 07:10:00.000000500+00:00,25.08243441581726,448.7231740113348,24.91901969909668,27.665377855300903,0.01410855057996106
2025-06-23 07:20:00.000000500+00:00,25.344080924987793,440.88582607358694,24.92989158630371,27.68917202949524,0.014108467873281832
2025-06-23 07:30:00+00:00,25.708032846450806,549.4004656746984,24.9404354095459,27.679706811904907,0.014154700906969058
2025-06-23 07:39:59.999999400+00:00,25.97514510154724,556.9057364724576,24.950889587402344,27.68183469772339,0.014172758531933356
2025-06-23 07:49:59.999999400+00:00,26.189870834350586,437.8603894226253,24.96146011352539,27.68217444419861,0.014187262526580254
2025-06-23 08:00:00+00:00,26.093591451644897,466.7282607369125,24.9716739654541,27.672792673110962,0.01420640912282103
2025-06-23 08:10:00.000000500+00:00,26.09278678894043,403.36242435872555,24.98195457458496,27.665526866912842,0.014284371195548578
2025-06-23 08:20:00.000000500+00:00,26.01111650466919,516.2933973781765,24.99207878112793,27.656580209732056,0.014321437572288282
2025-06-23 08:30:00+00:00,26.01358413696289,594.604395903647,25.002193450927734,27.669848203659058,0.014337394447600248
2025-06-23 08:40:00.000000500+00:00,25.989891290664673,495.41368152201176,25.012126922607422,27.67691135406494,0.014350754333184518
2025-06-23 08:50:00.000000500+00:00,25.896151065826416,547.1553955413401,25.021940231323242,27.670068740844727,0.014365795921246389
2025-06-23 09:00:00+00:00,25.943620204925537,697.5807843133807,25.03167724609375,27.67613649368286,0.014381350290719453
2025-06-23 09:09:59.999999400+00:00,26.130510568618774,538.1006103493273,25.04134750366211,27.663577795028687,0.014391707923847832
2025-06-23 09:19:59.999999400+00:00,26.09850287437439,556.7140533775091,25.050872802734375,27.651716470718384,0.014452232671705274
2025-06-23 09:30:00+00:00,26.391823291778564,534.8526795990765,25.06016731262207,27.649552822113037,0.014534864914919777
2025-06-23 09:40:00.000000500+00:00,26.501483917236328,487.67496637254953,25.069448471069336,27.633471488952637,0.014540006513478313
2025-06-23 09:50:00.000000500+00:00,26.26664161682129,694.6967884227633,25.078691482543945,27.606035470962524,0.014672097350869853
2025-06-23 10:00:00+00:00,26.351184844970703,717.5776629075408,25.087650299072266,27.60103464126587,0.014722322360274372
2025-06-23 10:10:00.000000500+00:00,26.299328804016113,706.8708925768733,25.09672737121582,27.588624954223633,0.0147368373824785
2025-06-23 10:20:00.000000500+00:00,26.329643726348877,895.221836451441,25.105588912963867,27.613372802734375,0.014755071448358487
2025-06-23 10:30:00+00:00,26.16801381111145,634.5129128918052,25.114368438720703,27.605570554733276,0.01483787737559936
2025-06-23 10:39:59.999999400+00:00,25.89326024055481,530.8552470132709,25.12296485900879,27.62699246406555,0.014780321797526124
2025-06-23 10:49:59.999999400+00:00,25.51092028617859,501.0233777426183,25.13149642944336,27.616817951202393,0.014896610145406917
2025-06-23 11:00:00+00:00,25.55693507194519,615.8336609937251,25.13999366760254,27.618653774261475,0.014915770526094229
2025-06-23 11:10:00.000000500+00:00,25.680328607559204,643.9980322681367,25.14845848083496,27.573676109313965,0.014938156467271344
2025-06-23 11:20:00.000000500+00:00,25.629295110702515,463.59675693511963,25.15669822692871,27.599425315856934,0.014948558210628644
2025-06-23 11:30:00+00:00,25.169647932052612,293.6203902885318,25.164875030517578,27.6193630695343,0.014936069502065549
2025-06-23 11:40:00.000000500+00:00,24.611384868621826,240.39309202507138,25.172977447509766,27.604998350143433,0.014943022376899127
2025-06-23 11:50:00.000000500+00:00,24.46140170097351,264.6515243668109,25.180984497070312,27.588893175125122,0.01494047776806828
2025-06-23 12:00:00+00:00,24.273176193237305,228.00518956035376,25.188861846923828,27.615989446640015,0.014936000579832857
2025-06-23 12:09:59.999999400+00:00,24.0205717086792,248.04050139337778,25.196802139282227,27.646775245666504,0.014920165007650425
2025-06-23 12:19:59.999999400+00:00,23.82208228111267,350.0395260974765,25.20461082458496,27.658666372299194,0.014896949242791741
2025-06-23 12:30:00+00:00,23.718966245651245,437.90926297567785,25.212390899658203,27.68457055091858,0.01485162322568669
2025-06-23 12:40:00.000000500+00:00,24.08080816268921,473.7614360935986,25.2200927734375,27.68411159515381,0.014844918470890787
2025-06-23 12:50:00.000000500+00:00,23.853023052215576,316.9846325330436,25.2276668548584,27.706159353256226,0.014833877129214138
2025-06-23 13:00:00+00:00,23.397613763809204,205.68755526468158,25.235275268554688,27.721412181854248,0.014811987428112374
2025-06-23 13:10:00.000000500+00:00,23.316205739974976,117.01147185824811,25.24298858642578,27.732629776000977,0.014800482929032067
2025-06-23 13:20:00.000000500+00:00,23.103983402252197,154.68083668034524,25.25056266784668,27.701021432876587,0.01467468606992962
2025-06-23 13:30:00+00:00,22.826106548309326,207.19428852573037,25.258037567138672,27.72789716720581,0.014679425162649255
2025-06-23 13:39:59.999999400+00:00,22.542084455490112,237.1596542559564,25.26568603515625,27.76497721672058,0.014688500842249635
2025-06-23 13:49:59.999999400+00:00,22.20617651939392,350.98114044964314,25.27325439453125,27.756853103637695,0.014660705884251151
2025-06-23 14:00:00+00:00,22.3345947265625,189.4955404791981,25.28086280822754,27.755279541015625,0.014654174813481618
2025-06-23 14:10:00.000000500+00:00,22.45411992073059,119.00861807819456,25.288415908813477,27.76822566986084,0.01464094174480549
2025-06-23 14:20:00.000000500+00:00,22.3817777633667,152.680563733913,25.29600715637207,27.754170894622803,0.014497431871902177
2025-06-23 14:30:00+00:00,22.41972804069519,252.29746569693089,25.303585052490234,27.75207281112671,0.01445741010982481
2025-06-23 14:40:00.000000500+00:00,22.62383222579956,350.05369701236486,25.311180114746094,27.7750563621521,0.014449508865069436
2025-06-23 14:50:00.000000500+00:00,23.006577491760254,380.0290736351162,25.31882667541504,27.775956392288208,0.014446379795705396
2025-06-23 15:00:00+00:00,23.251099586486816,369.0333562027663,25.32647705078125,27.790178060531616,0.014453525652790507
2025-06-23 15:09:59.999999400+00:00,23.224194049835205,391.81127684377134,25.333951950073242,27.78568387031555,0.014451656481840002
2025-06-23 15:19:59.999999400+00:00,23.334057331085205,335.60110835172236,25.341602325439453,27.794243097305298,0.014441196843807246
2025-06-23 15:30:00+00:00,23.26443314552307,355.270660283044,25.34916877746582,27.806414365768433,0.014440874287758265
2025-06-23 15:40:00.000000500+00:00,23.345364332199097,351.1478902492672,25.356752395629883,27.81487226486206,0.014436681059121517
2025-06-23 15:50:00.000000500+00:00,23.38485836982727,281.71746591478586,25.36438751220703,27.81990885734558,0.014430673797320413
2025-06-23 16:00:00+00:00,23.45749855041504,352.61686124280095,25.371889114379883,27.822507619857788,0.014427125680781628
2025-06-23 16:10:00.000000500+00:00,23.658950328826904,270.86539002880454,25.379440307617188,27.825011014938354,0.014421981325333785
2025-06-23 16:20:00.000000500+00:00,23.70573401451111,247.9084810707718,25.38705062866211,27.814759016036987,0.014419464285396009
2025-06-23 16:30:00+00:00,23.95256280899048,246.17565730400383,25.39455223083496,27.81118869781494,0.014425697612120331
2025-06-23 16:39:59.999999400+00:00,24.14513349533081,387.05720328725874,25.402101516723633,27.808268070220947,0.014422160523138775
2025-06-23 16:49:59.999999400+00:00,23.98203134536743,247.58308680541813,25.40956687927246,27.817816734313965,0.014418146492307011
2025-06-23 17:00:00+00:00,23.80493402481079,150.91507708188146,25.417037963867188,27.824426889419556,0.01441938984938471
2025-06-23 17:10:00.000000500+00:00,23.803986310958862,214.6798596046865,25.42447853088379,27.823675870895386,0.014422791850790196
2025-06-23 17:20:00.000000500+00:00,23.74664068222046,175.0566933117807,25.431833267211914,27.82039165496826,0.014414421934852543
2025-06-23 17:30:00+00:00,23.79677414894104,156.5604958171025,25.43929100036621,27.811522483825684,0.014411411411728723
2025-06-23 17:40:00.000000500+00:00,24.191792011260986,276.86607467383146,25.446632385253906,27.800573110580444,0.014412638227470572
2025-06-23 17:50:00.000000500+00:00,24.309159517288208,197.58440873678774,25.453893661499023,27.80172348022461,0.014424754755977157
2025-06-23 18:00:00+00:00,24.160016775131226,143.3874629382044,25.46124839782715,27.8039288520813,0.014420307893524113
2025-06-23 18:09:59.999999400+00:00,24.18148636817932,139.23435158003122,25.46848487854004,27.795387506484985,0.014421460273254662
2025-06-23 18:19:59.999999400+00:00,24.13423776626587,106.92666512914002,25.475610733032227,27.783257961273193,0.014426938212308716
2025-06-23 18:30:00+00:00,24.102039337158203,135.42226811964065,25.48282814025879,27.781875133514404,0.014428415904977555
2025-06-23 18:40:00.000000500+00:00,24.247736930847168,119.20148208271712,25.489904403686523,27.77766704559326,0.014429491091807484
2025-06-23 18:50:00.000000500+00:00,24.089289903640747,84.64656497072428,25.49692153930664,27.772058248519897,0.014432813143423057
2025-06-23 19:00:00+00:00,23.839588165283203,75.73431422235444,25.50385093688965,27.76951313018799,0.01442565350189141
2025-06-23 19:10:00.000000500+00:00,23.723937273025513,66.23228636803105,25.510725021362305,27.759106159210205,0.01443053870974435
2025-06-23 19:20:00.000000500+00:00,23.565818071365356,40.59321305598132,25.517616271972656,27.756417989730835,0.01442602292505862
2025-06-23 19:30:00+00:00,23.339463472366333,27.608815384679474,25.524423599243164,27.739543914794922,0.014428027183585188
2025-06-23 19:39:59.999999400+00:00,23.015637397766113,19.86895119678229,25.531097412109375,27.739228010177612,0.014423177815293248
2025-06-23 19:49:59.999999400+00:00,22.78528928756714,16.044929478666745,25.537696838378906,27.724303007125854,0.01441974273121607
2025-06-23 20:00:00+00:00,22.56294012069702,14.407581579987891,25.54422378540039,27.71194100379944,0.014417319425514757
2025-06-23 20:10:00.000000500+00:00,22.42517590522766,13.447056739067193,25.550683975219727,27.696533203125,0.014411210158809275
2025-06-23 20:20:00.000000500+00:00,22.306318283081055,13.109753570985049,25.55720329284668,27.68420696258545,0.014403846507468874
2025-06-23 20:30:00+00:00,22.25079655647278,12.936875286803115,25.563528060913086,27.674497365951538,0.014396204410308405
2025-06-23 20:40:00.000000500+00:00,22.042967081069946,12.60489376023179,25.569583892822266,27.65279531478882,0.014394202908671144
2025-06-23 20:50:00.000000500+00:00,21.678627729415894,12.636483930051327,25.57585334777832,27.645654678344727,0.014390809177933579
2025-06-23 21:00:00+00:00,21.42761468887329,12.743346181930974,25.581937789916992,27.585203647613525,0.014384404924072194
2025-06-23 21:09:59.999999400+00:00,21.212292909622192,12.66145412879996,25.587827682495117,27.594645023345947,0.014373176113922633
2025-06-23 21:19:59.999999400+00:00,21.291823387145996,12.518166519817896,25.593761444091797,27.53849148750305,0.014358264099658225
2025-06-23 21:30:00+00:00,21.244008541107178,12.343714807822835,25.599441528320312,27.52008557319641,0.014351396688393175
2025-06-23 21:40:00.000000500+00:00,21.131147146224976,12.068700426199939,25.60508155822754,27.50226378440857,0.014343489929859187
2025-06-23 21:50:00.000000500+00:00,20.98164677619934,11.943863690597937,25.61070442199707,27.413870096206665,0.014324450852301409
2025-06-23 22:00:00+00:00,20.768518447875977,11.815820550662465,25.6160945892334,27.362693548202515,0.014308455380539136
2025-06-23 22:10:00.000000500+00:00,20.663048028945923,11.491364806483034,25.62140655517578,27.390594482421875,0.01430052105311207
2025-06-23 22:20:00.000000500+00:00,20.50790309906006,11.698832502414007,25.626453399658203,27.413917779922485,0.014296435343158321
2025-06-23 22:30:00+00:00,20.27020573616028,11.699798701156396,25.631492614746094,27.413363456726074,0.014289749886587568
2025-06-23 22:39:59.999999400+00:00,19.813228845596313,11.826062089588959,25.6362247467041,27.408928871154785,0.014269889256016143
2025-06-23 22:49:59.999999400+00:00,19.842721223831177,11.806925148004666,25.640947341918945,27.361900806427002,0.014259774229146826
2025-06-23 23:00:00+00:00,19.575793743133545,11.787491301598493,25.645418167114258,27.372450828552246,0.014250047923669875
2025-06-23 23:10:00.000000500+00:00,19.260342121124268,11.733803529117722,25.649574279785156,27.416754961013794,0.014238703324169402
2025-06-23 23:20:00.000000500+00:00,19.120837450027466,11.695252031553537,25.653789520263672,27.423657178878784,0.014207669021234572
2025-06-23 23:30:00+00:00,18.959022760391235,11.633832991705276,25.65767478942871,27.412540912628174,0.014200666522393452
2025-06-23 23:40:00.000000500+00:00,19.038290977478027,11.30791285255691,25.661537170410156,27.378488779067993,0.014183049999718356
2025-06-23 23:50:00.000000500+00:00,19.022507667541504,11.024419070512522,25.665096282958984,27.281893491744995,0.01417763822600768
2025-06-24 00:00:00+00:00,18.91454577445984,10.796953912242316,25.66875457763672,27.262206077575684,0.014161251275963741
2025-06-24 00:09:59.999999400+00:00,18.86760711669922,10.776979933900293,25.672222137451172,27.150715589523315,0.01386771975761274
2025-06-24 00:19:59.999999400+00:00,18.929280042648315,10.734851320332382,25.67562484741211,27.12708830833435,0.013638873133084244
2025-06-24 00:30:00+00:00,18.906385898590088,10.781758927332703,25.67870330810547,27.10577368736267,0.013632661861474386
2025-06-24 00:40:00.000000500+00:00,19.04143214225769,10.78631062922068,25.681842803955078,27.148510217666626,0.013622367636800078
2025-06-24 00:50:00.000000500+00:00,19.042385816574097,10.706980009214021,25.684724807739258,27.1239173412323,0.013616925537307024
2025-06-24 01:00:00+00:00,18.869818449020386,10.423603647155687,25.68741226196289,27.017379999160767,0.01360865486938444
2025-06-24 01:10:00.000000500+00:00,18.693078756332397,10.118944073910825,25.690019607543945,26.990432739257812,0.013603383697028449
2025-06-24 01:20:00.000000500+00:00,18.54103922843933,10.204159951361362,25.692163467407227,27.0046067237854,0.013598355130931526
2025-06-24 01:30:00+00:00,18.516207933425903,10.223345538368449,25.694345474243164,26.96842074394226,0.013567409048454531
2025-06-24 01:39:59.999999400+00:00,18.068135976791382,10.180317823193036,25.696239471435547,26.85068368911743,0.013529204076430826
2025-06-24 01:49:59.999999400+00:00,17.88978099822998,10.031223795900587,25.697904586791992,26.731945276260376,0.013523271250641029
2025-06-24 02:00:00+00:00,17.888904809951782,9.874749922484625,25.699399948120117,26.696921586990356,0.013519102834008045
2025-06-24 02:10:00.000000500+00:00,17.988897562026978,9.839243796130177,25.700674057006836,26.676822900772095,0.013495889826038669
2025-06-24 02:20:00.000000500+00:00,17.98593521118164,9.787463259708602,25.701749801635742,26.664305925369263,0.013488887327197555
2025-06-24 02:30:00+00:00,17.903144359588623,9.547790616459679,25.70254898071289,26.666314601898193,0.013382179169660422
2025-06-24 02:40:00.000000500+00:00,17.75322675704956,9.559236548957415,25.703073501586914,26.6756010055542,0.013200365076718328
2025-06-24 02:50:00.000000500+00:00,17.544974088668823,9.830268715624698,25.703340530395508,26.693536043167114,0.013087944644536002
2025-06-24 03:00:00+00:00,17.443240880966187,10.127228053926956,25.703353881835938,26.691473722457886,0.013076487012573922
2025-06-24 03:09:59.999999400+00:00,17.392243146896362,11.159519151609857,25.70305633544922,26.679904460906982,0.013057811844404733
2025-06-24 03:19:59.999999400+00:00,17.239142656326294,14.329638193245046,25.702579498291016,26.677329540252686,0.012963790891460835
2025-06-24 03:30:00+00:00,16.40442728996277,18.683948697522283,25.701889038085938,26.726384162902832,0.01293833928937375
2025-06-24 03:40:00.000000500+00:00,16.3040828704834,23.817339131841436,25.701025009155273,26.64578080177307,0.012755025448648368
2025-06-24 03:50:00.000000500+00:00,16.25179171562195,35.42984697665088,25.699783325195312,26.65801167488098,0.012734864317142425
2025-06-24 04:00:00+00:00,16.302270889282227,45.601306300610304,25.698558807373047,26.664615869522095,0.012717625488302454
2025-06-24 04:10:00.000000500+00:00,16.48430347442627,64.17072018887848,25.697010040283203,26.546753644943237,0.01270080019285862
2025-06-24 04:20:00.000000500+00:00,16.666032075881958,86.01679582055658,25.69536590576172,26.507009267807007,0.012687619505079333
2025-06-24 04:30:00+00:00,16.734488010406494,103.59898943407461,25.693384170532227,26.550222635269165,0.0126724428294414
2025-06-24 04:39:59.999999400+00:00,16.69668674468994,123.2278201142326,25.691423416137695,26.65820837020874,0.012654818036098383
2025-06-24 04:49:59.999999400+00:00,16.831780672073364,144.46536499075592,25.689159393310547,26.692183017730713,0.012312346218760168
2025-06-24 05:00:00+00:00,17.217440605163574,166.96550349332392,25.686767578125,26.67319893836975,0.012229049565222552
2025-06-24 05:10:00.000000500+00:00,17.263067960739136,191.35265497863293,25.684097290039062,26.686997413635254,0.012255752795055256
2025-06-24 05:20:00.000000500+00:00,17.264862060546875,216.5665102628991,25.681339263916016,26.688207387924194,0.0122395808823773
2025-06-24 05:30:00+00:00,17.26049304008484,243.3092140238732,25.678499221801758,26.661945581436157,0.01221229594890071
2025-06-24 05:40:00.000000500+00:00,17.157341241836548,271.27344796434045,25.675647735595703,26.63599967956543,0.012070555998932832
2025-06-24 05:50:00.000000500+00:00,17.225236892700195,300.3970130402595,25.672786712646484,26.612056493759155,0.012035036237094652
2025-06-24 06:00:00+00:00,17.389137744903564,334.86832712218165,25.66986656188965,26.584912538528442,0.01199942549790933
2025-06-24 06:09:59.999999400+00:00,17.429949045181274,359.523464564234,25.667110443115234,26.55461549758911,0.011938299748182845
2025-06-24 06:19:59.999999400+00:00,17.48908281326294,386.32356321439147,25.664228439331055,26.521785259246826,0.012024918453336027
2025-06-24 06:30:00+00:00,17.53357768058777,413.0478421021253,25.66156578063965,26.48903250694275,0.012001625495576738
2025-06-24 06:40:00.000000500+00:00,17.61577844619751,440.5596266426146,25.65889549255371,26.451070308685303,0.011958755866844691
2025-06-24 06:50:00.000000500+00:00,17.58780598640442,468.5239410996437,25.656251907348633,26.40498995780945,0.011873802322833252
2025-06-24 07:00:00+00:00,17.8815495967865,497.8451206572354,25.653575897216797,26.375879049301147,0.011871693302512993
2025-06-24 07:10:00.000000500+00:00,18.092585802078247,532.1018581017852,25.65099334716797,26.38372302055359,0.0118255815719553
2025-06-24 07:20:00.000000500+00:00,18.18556308746338,569.5040555521846,25.648305892944336,26.359076499938965,0.01176097387103341
2025-06-24 07:30:00+00:00,18.558294773101807,613.8229477331042,25.645626068115234,26.320446729660034,0.011761519735116303
2025-06-24 07:39:59.999999400+00:00,18.69444966316223,609.542687304318,25.642873764038086,26.294995546340942,0.011764621235587271
2025-06-24 07:49:59.999999400+00:00,18.777085542678833,644.5029247887433,25.640256881713867,26.277525424957275,0.011742249078856685
2025-06-24 08:00:00+00:00,19.21247363090515,656.7487960383296,25.637413024902344,26.24912977218628,0.011740046324299976
2025-06-24 08:10:00.000000500+00:00,19.22989010810852,667.0159996189177,25.63461685180664,26.229907274246216,0.011733857107804575
2025-06-24 08:20:00.000000500+00:00,19.470579624176025,686.7062711454928,25.63165855407715,26.201714277267456,0.011718994717547702
2025-06-24 08:30:00+00:00,19.551677703857422,709.1937417089939,25.628726959228516,26.175994873046875,0.01171777065869516
2025-06-24 08:40:00.000000500+00:00,19.823564291000366,729.9795752540231,25.625741958618164,26.14790916442871,0.01171802429251145
2025-06-24 08:50:00.000000500+00:00,20.175732374191284,748.576163481921,25.622676849365234,26.122958660125732,0.011719099479341386
2025-06-24 09:00:00+00:00,20.31326413154602,767.1877814680338,25.619619369506836,26.098365783691406,0.011699407019017723
2025-06-24 09:09:59.999999400+00:00,20.675100088119507,782.3306922912598,25.616336822509766,26.043505668640137,0.011704068918836751
2025-06-24 09:19:59.999999400+00:00,21.055359840393066,799.208090890199,25.613040924072266,26.032145023345947,0.01168307796364924
2025-06-24 09:30:00+00:00,20.982660055160522,812.7920937202871,25.609813690185547,26.022584438323975,0.011736953094496929
2025-06-24 09:40:00.000000500+00:00,21.36115550994873,828.3987262621522,25.60633087158203,26.004345417022705,0.011763728003451632
2025-06-24 09:50:00.000000500+00:00,21.47375464439392,841.7130522876978,25.602800369262695,25.980485677719116,0.01176226960900795
2025-06-24 10:00:00+00:00,21.543867588043213,853.1705590412021,25.599300384521484,25.938667058944702,0.01169000051270044
2025-06-24 10:10:00.000000500+00:00,22.149677276611328,862.9240132793784,25.5955753326416,25.929875373840332,0.011703983455268217
2025-06-24 10:20:00.000000500+00:00,22.44762897491455,871.2849604189396,25.591867446899414,25.91011643409729,0.011707228313983176
2025-06-24 10:30:00+00:00,22.57222056388855,883.8145183548331,25.587980270385742,25.897825956344604,0.011715689207267972
2025-06-24 10:39:59.999999400+00:00,22.678704261779785,889.0594745501876,25.58399772644043,25.89395761489868,0.011723215515077521
2025-06-24 10:49:59.999999400+00:00,22.864128351211548,895.1015983857214,25.580015182495117,25.865979194641113,0.011819742480401959
2025-06-24 11:00:00+00:00,23.088796138763428,899.5762257948518,25.57589340209961,25.871659517288208,0.011817873309451454
2025-06-24 11:10:00.000000500+00:00,23.296172618865967,899.739298671484,25.571691513061523,25.858004093170166,0.011815924188711035
2025-06-24 11:20:00.000000500+00:00,23.701555728912354,902.5792788416147,25.567506790161133,25.838465690612793,0.011934211281339781
2025-06-24 11:30:00+00:00,24.247277975082397,903.3661940395832,25.563169479370117,25.804896354675293,0.011971189437621637
2025-06-24 11:40:00.000000500+00:00,24.3134868144989,904.5150043442845,25.558767318725586,25.78598380088806,0.011981315492048183
2025-06-24 11:50:00.000000500+00:00,24.309499263763428,902.7483636215329,25.554241180419922,25.809998512268066,0.011996985650872167
2025-06-24 12:00:00+00:00,24.341435432434082,898.0738404281437,25.549800872802734,25.81604242324829,0.011997040788658316
2025-06-24 12:09:59.999999400+00:00,24.534846544265747,893.6302924118936,25.545204162597656,25.82454204559326,0.01205118058087953
2025-06-24 12:19:59.999999400+00:00,24.958510398864746,888.8173344098032,25.54060173034668,25.81149458885193,0.012065588084400666
2025-06-24 12:30:00+00:00,25.34413456916809,881.4840469881892,25.535884857177734,25.8019757270813,0.01207644471449371
2025-06-24 12:40:00.000000500+00:00,25.52113652229309,873.8705082535744,25.531152725219727,25.78046441078186,0.012083874531177489
2025-06-24 12:50:00.000000500+00:00,25.457550287246704,866.252460591495,25.52651023864746,25.78741431236267,0.012200085686157668
2025-06-24 13:00:00+00:00,25.823487043380737,856.7087788358331,25.52165985107422,25.78974485397339,0.012263714691375393
2025-06-24 13:10:00.000000500+00:00,25.986255407333374,848.186959605664,25.5169677734375,25.792665481567383,0.012286902887340998
2025-06-24 13:20:00.000000500+00:00,26.06808066368103,862.8626596592367,25.512142181396484,25.815458297729492,0.012236661336600629
2025-06-24 13:30:00+00:00,26.30786418914795,862.8057076111436,25.507335662841797,25.83311915397644,0.012252257059413307
2025-06-24 13:39:59.999999400+00:00,26.365132331848145,809.8266150690615,25.502553939819336,25.862337350845337,0.012321355733017163
2025-06-24 13:49:59.999999400+00:00,26.51184916496277,792.5479219257832,25.497777938842773,25.841434001922607,0.012326265752873867
2025-06-24 14:00:00+00:00,26.442075967788696,776.1629626192153,25.492956161499023,25.872642993927002,0.012396232846609592
2025-06-24 14:10:00.000000500+00:00,26.919759511947632,758.6702027767897,25.488265991210938,25.868512392044067,0.012439849592343972
2025-06-24 14:20:00.000000500+00:00,27.20686912536621,742.0125070363283,25.483684539794922,25.860573053359985,0.012569161485313524
2025-06-24 14:30:00+00:00,27.101088762283325,723.5918206572533,25.478879928588867,25.884063243865967,0.012561949462885028
2025-06-24 14:40:00.000000500+00:00,27.190728187561035,704.232847943902,25.474294662475586,25.904924869537354,0.01259679378684286
2025-06-24 14:50:00.000000500+00:00,27.501250505447388,683.485930737108,25.46965980529785,25.903398990631104,0.012629049391740924
2025-06-24 15:00:00+00:00,27.838809490203857,665.7968715168536,25.465147018432617,25.91738224029541,0.012652664905549203
2025-06-24 15:09:59.999999400+00:00,27.853877544403076,641.5789926834404,25.460721969604492,25.9054434299469,0.012660395223167507
2025-06-24 15:19:59.999999400+00:00,27.782524824142456,618.5437411107123,25.45632553100586,25.934447050094604,0.012724650042258038
2025-06-24 15:30:00+00:00,27.837212085723877,597.0826956778765,25.4519100189209,25.939769744873047,0.012825455699787752
2025-06-24 15:40:00.000000500+00:00,27.818198204040527,578.0516937598586,25.447690963745117,25.97292184829712,0.012860713557141714
2025-06-24 15:50:00.000000500+00:00,27.863247394561768,656.4835744835436,25.443477630615234,25.991840362548828,0.012863878466066753
2025-06-24 16:00:00+00:00,27.961726188659668,589.343497429043,25.43939971923828,25.970269441604614,0.012871465425441073
2025-06-24 16:10:00.000000500+00:00,28.001357316970825,496.91284622624516,25.435348510742188,26.020629405975342,0.012935579643176914
2025-06-24 16:20:00.000000500+00:00,28.23267698287964,466.5364166088402,25.431421279907227,26.029599905014038,0.01294848188513614
2025-06-24 16:30:00+00:00,28.264100551605225,440.6460745912045,25.427656173706055,26.06319308280945,0.012950850053051303
2025-06-24 16:39:59.999999400+00:00,28.051252365112305,412.52381347864866,25.423828125,26.044137477874756,0.012970244769329755
2025-06-24 16:49:59.999999400+00:00,28.355802297592163,386.21924058906734,25.42027473449707,26.053954362869263,0.013054032149164115
2025-06-24 17:00:00+00:00,28.141398429870605,359.26994474977255,25.416698455810547,26.04325532913208,0.013208326973038472
2025-06-24 17:10:00.000000500+00:00,28.137857913970947,335.30867219902575,25.41326141357422,26.074517965316772,0.013226941489642891
2025-06-24 17:20:00.000000500+00:00,28.36920738220215,310.5262649115175,25.410032272338867,26.121569871902466,0.013281004088963492
2025-06-24 17:30:00+00:00,28.24710726737976,288.27443948574364,25.406763076782227,26.124824285507202,0.013295433647599084
2025-06-24 17:40:00.000000500+00:00,28.321678638458252,228.24225715734065,25.40378761291504,26.142038106918335,0.013309615086197008
2025-06-24 17:50:00.000000500+00:00,27.99739360809326,220.68090657424182,25.400760650634766,26.153684854507446,0.013346187979750655
2025-06-24 18:00:00+00:00,27.653504610061646,61.76879708329216,25.397937774658203,26.179040670394897,0.013402789674123488
2025-06-24 18:09:59.999999400+00:00,27.247871160507202,69.53127132821828,25.395217895507812,26.20000958442688,0.0134358309924742
2025-06-24 18:19:59.999999400+00:00,27.141190767288208,86.19613304268569,25.392555236816406,26.208962202072144,0.013438968332506167
2025-06-24 18:30:00+00:00,27.059180736541748,63.364628629758954,25.390098571777344,26.233328580856323,0.013443139506028452
2025-06-24 18:40:00.000000500+00:00,26.772416830062866,60.801705949008465,25.387794494628906,26.273722648620605,0.013449965563953888
2025-06-24 18:50:00.000000500+00:00,26.626921892166138,53.29707257403061,25.385452270507812,26.299686431884766,0.013461252268778905
2025-06-24 19:00:00+00:00,26.68080449104309,64.46126420237124,25.383403778076172,26.313002109527588,0.013471248749407996
2025-06-24 19:10:00.000000500+00:00,26.664150953292847,51.27843849663623,25.38134002685547,26.33382797241211,0.013612768148231275
2025-06-24 19:20:00.000000500+00:00,26.62052035331726,38.252267826581374,25.37955093383789,26.348252296447754,0.013607508003432512
2025-06-24 19:30:00+00:00,26.407654285430908,25.574712062836625,25.3778076171875,26.37294054031372,0.013609884442015597
2025-06-24 19:39:59.999999400+00:00,26.187772750854492,19.827260392019525,25.376232147216797,26.37669563293457,0.013612100981018848
2025-06-24 19:49:59.999999400+00:00,26.041228771209717,17.37104563973844,25.374774932861328,26.38446807861328,0.013612194715255304
2025-06-24 20:00:00+00:00,25.87625503540039,15.974853230989538,25.373455047607422,26.395167112350464,0.01361373857326752
2025-06-24 20:10:00.000000500+00:00,25.822259187698364,15.291284395032562,25.37225914001465,26.392502784729004,0.013614130051549194
2025-06-24 20:20:00.000000500+00:00,25.654197931289673,15.176029969006777,25.37122917175293,26.400316953659058,0.013613548347905301
2025-06-24 20:30:00+00:00,25.493497848510742,15.333168104058132,25.37029266357422,26.40493631362915,0.01359817041934792
2025-06-24 20:40:00.000000500+00:00,25.043667554855347,15.265410062391311,25.369422912597656,26.376445293426514,0.013601431819398723
2025-06-24 20:50:00.000000500+00:00,24.681086540222168,15.126909833983518,25.36881446838379,26.358790397644043,0.013604293470499938
2025-06-24 21:00:00+00:00,24.471200704574585,14.87704345851671,25.368213653564453,26.37713074684143,0.013601018286002593
2025-06-24 21:09:59.999999400+00:00,24.269611835479736,14.816666101687588,25.367813110351562,26.408333778381348,0.013597674179272563
2025-06-24 21:19:59.999999400+00:00,23.936070203781128,14.774094647029415,25.3675537109375,26.437867879867554,0.013591559398788467
2025-06-24 21:30:00+00:00,23.619861602783203,14.64935939584393,25.36738395690918,26.457751989364624,0.013587426821716483
2025-06-24 21:40:00.000000500+00:00,23.268003463745117,14.555319406441413,25.367284774780273,26.469881534576416,0.01357606292399086
2025-06-24 21:50:00.000000500+00:00,23.10293436050415,14.480106873088516,25.367271423339844,26.485378742218018,0.013452579095017427
2025-06-24 22:00:00+00:00,23.05800437927246,14.473031480214559,25.36747169494629,26.491845846176147,0.013456168564895826
2025-06-24 22:10:00.000000500+00:00,22.852386236190796,14.516587585327215,25.36773681640625,26.509262323379517,0.013452736237707954
2025-06-24 22:20:00.000000500+00:00,22.64660120010376,15.852332185255364,25.368083953857422,26.528156995773315,0.013447815190294022
2025-06-24 22:30:00+00:00,22.555042505264282,15.539360954426229,25.36858367919922,26.514686346054077,0.01343525204571962
2025-06-24 22:39:59.999999400+00:00,22.492523193359375,15.15031163720414,25.369075775146484,26.507277488708496,0.013429459821284507
2025-06-24 22:49:59.999999400+00:00,22.363646030426025,14.827235577860847,25.369693756103516,26.52095079421997,0.013419769355368549
2025-06-24 23:00:00+00:00,22.073079347610474,14.921741892350838,25.37058448791504,26.54711127281189,0.013406712727608103
2025-06-24 23:10:00.000000500+00:00,22.07807421684265,15.017068469314836,25.371349334716797,26.55951499938965,0.01340010170704865
2025-06-24 23:20:00.000000500+00:00,22.04978585243225,14.947758806403726,25.37232208251953,26.55721426010132,0.013390391942907542
2025-06-24 23:30:00+00:00,21.896458864212036,15.026413422776386,25.373268127441406,26.583911180496216,0.013380042580447084
2025-06-24 23:40:00.000000500+00:00,21.644575595855713,15.315197813906707,25.37435531616211,26.591159105300903,0.013374647348072258
2025-06-24 23:50:00.000000500+00:00,21.607894897460938,15.431938441470265,25.37552261352539,26.59002661705017,0.013371044093747318
2025-06-25 00:00:00+00:00,21.793527603149414,15.525817397749051,25.376689910888672,26.589192152023315,0.013162978900818956
2025-06-25 00:09:59.999999400+00:00,21.829886436462402,15.440765069564804,25.378055572509766,26.58305287361145,0.013006428941491049
2025-06-25 00:19:59.999999400+00:00,21.656270027160645,15.448732854332775,25.37938117980957,26.60603642463684,0.012992503893598729
2025-06-25 00:30:00+00:00,21.78849697113037,15.542524584336206,25.38075828552246,26.60606622695923,0.012987671066642632
2025-06-25 00:40:00.000000500+00:00,21.536083221435547,15.579558847937733,25.382265090942383,26.622600555419922,0.012984486859492442
2025-06-25 00:50:00.000000500+00:00,21.10478401184082,15.539983280352317,25.383832931518555,26.623458862304688,0.01297114902902263
2025-06-25 01:00:00+00:00,20.954341888427734,15.459408008493483,25.3852596282959,26.603139638900757,0.012959195156985192
2025-06-25 01:10:00.000000500+00:00,21.07399821281433,15.34907851216849,25.38694953918457,26.596434116363525,0.01294050344748016
2025-06-25 01:20:00.000000500+00:00,21.010388135910034,15.269618730177172,25.38850212097168,26.588023900985718,0.012923057851942126
2025-06-25 01:30:00+00:00,20.67201852798462,15.194315615692176,25.390239715576172,26.588608026504517,0.01285988649034946
2025-06-25 01:39:59.999999400+00:00,20.38086771965027,15.187208351679146,25.391809463500977,26.582188606262207,0.0127179342599049
2025-06-25 01:49:59.999999400+00:00,20.09874701499939,15.194017033441924,25.393617630004883,26.573331356048584,0.012715174613708063
2025-06-25 02:00:00+00:00,19.939191341400146,15.07094075891655,25.395301818847656,26.561988592147827,0.012712425995068461
2025-06-25 02:10:00.000000500+00:00,19.879425764083862,15.04034278797917,25.39705467224121,26.538742780685425,0.012701445304956583
2025-06-25 02:20:00.000000500+00:00,20.01705288887024,14.995245126192458,25.39877700805664,26.507354974746704,0.012687561610403877
2025-06-25 02:30:00+00:00,20.155359506607056,15.141890946775675,25.400497436523438,26.500262022018433,0.012597573986516893
2025-06-25 02:40:00.000000500+00:00,20.27562975883484,15.16744824545458,25.402196884155273,26.46817684173584,0.012488643776197895
2025-06-25 02:50:00.000000500+00:00,20.096476078033447,15.392453455016948,25.4039306640625,26.46904706954956,0.012466486656833298
2025-06-25 03:00:00+00:00,19.91978406906128,15.712882532388903,25.405532836914062,26.454044580459595,0.01245755433547691
2025-06-25 03:09:59.999999400+00:00,19.948209524154663,16.858197076362558,25.40703010559082,26.435835361480713,0.012454736794604616
2025-06-25 03:19:59.999999400+00:00,19.612265825271606,18.7240794938989,25.408586502075195,26.442266702651978,0.01242013783379516
2025-06-25 03:30:00+00:00,19.345964193344116,21.993925845832564,25.410076141357422,26.453728675842285,0.012371120341907332
2025-06-25 03:40:00.000000500+00:00,19.352580308914185,27.255434904363938,25.411365509033203,26.424063444137573,0.01236287448598852
2025-06-25 03:50:00.000000500+00:00,19.343162775039673,40.609856500290334,25.41256332397461,26.36312961578369,0.012269109923750219
2025-06-25 04:00:00+00:00,19.461424350738525,54.24358837190084,25.413623809814453,26.336945295333862,0.012218537546292946
2025-06-25 04:10:00.000000500+00:00,19.60010051727295,68.42830849578604,25.414566040039062,26.355977058410645,0.012217398951008939
2025-06-25 04:20:00.000000500+00:00,19.86928701400757,85.6782639361918,25.415597915649414,26.357330083847046,0.012214418753667505
2025-06-25 04:30:00+00:00,20.15891194343567,103.27507801540196,25.416440963745117,26.355082988739014,0.01217474711653219
2025-06-25 04:39:59.999999400+00:00,20.881600379943848,121.69638168811798,25.417034149169922,26.317102909088135,0.012160491241922974
2025-06-25 04:49:59.999999400+00:00,21.436161994934082,143.28367708995938,25.417587280273438,26.26823902130127,0.012167890732824375
2025-06-25 05:00:00+00:00,21.420480012893677,165.73698179237545,25.41808319091797,26.227117776870728,0.012155528841169421
2025-06-25 05:10:00.000000500+00:00,21.43088698387146,189.40202049259096,25.418373107910156,26.20105266571045,0.012146296018878514
2025-06-25 05:20:00.000000500+00:00,21.27626657485962,213.58716934360564,25.418798446655273,26.200236082077026,0.012149466441582168
2025-06-25 05:30:00+00:00,20.834035873413086,238.69864781945944,25.4189510345459,26.230521202087402,0.01207844621613097
2025-06-25 05:40:00.000000500+00:00,21.22113823890686,264.27140567824244,25.418983459472656,26.215977668762207,0.012083554732017821
2025-06-25 05:50:00.000000500+00:00,21.32514238357544,290.3276118133217,25.41893196105957,26.198889017105103,0.012095662989856478
2025-06-25 06:00:00+00:00,21.29912495613098,315.57639786601067,25.418842315673828,26.17890954017639,0.012119934643319941
2025-06-25 06:09:59.999999400+00:00,21.31964087486267,342.05284677632153,25.418567657470703,26.16127848625183,0.01211073214681142
2025-06-25 06:19:59.999999400+00:00,21.61125659942627,368.0972974933684,25.41834259033203,26.151992082595825,0.01210304318253273
2025-06-25 06:30:00+00:00,21.951444149017334,393.72072710841894,25.418058395385742,26.14275336265564,0.012118892539161697
2025-06-25 06:40:00.000000500+00:00,22.301156520843506,418.8655931185931,25.417612075805664,26.137943267822266,0.012164378455846583
2025-06-25 06:50:00.000000500+00:00,22.784663438796997,444.24229314923286,25.417160034179688,26.15907311439514,0.012188432315054756
2025-06-25 07:00:00+00:00,23.509241342544556,472.1604984551668,25.4167537689209,26.182420253753662,0.012161467180737833
2025-06-25 07:10:00.000000500+00:00,24.12040948867798,499.9559965208173,25.41619110107422,26.194603443145752,0.012205855855478325
2025-06-25 07:20:00.000000500+00:00,24.832273721694946,527.2695761248469,25.415550231933594,26.174391508102417,0.01223625331698312
2025-06-25 07:30:00+00:00,25.228084325790405,551.940494813025,25.414899826049805,26.172239780426025,0.012255394399445275
2025-06-25 07:39:59.999999400+00:00,25.581533908843994,575.0467083156109,25.41422462463379,26.172990798950195,0.01227114450805918
2025-06-25 07:49:59.999999400+00:00,25.687236785888672,597.899616714567,25.413480758666992,26.150901317596436,0.012305418155930347
